Date,High,Low,Open,Close,Volume,Adj Close,Name
2017-11-15,69.05999755859375,67.66999816894531,68.55000305175781,68.19000244140625,1904100.0,58.89516067504883,PCAR
2017-11-16,69.87000274658203,68.19999694824219,68.3499984741211,69.69999694824219,1642300.0,60.199310302734375,PCAR
2017-11-17,69.0,66.33000183105469,69.0,66.69000244140625,5375400.0,57.59961700439453,PCAR
2017-11-20,67.98999786376953,66.69000244140625,66.75,67.69999694824219,2188700.0,58.47195816040039,PCAR
2017-11-21,68.3499984741211,67.61000061035156,68.06999969482422,67.69000244140625,1226600.0,58.46329879760742,PCAR
2017-11-22,68.33999633789062,67.69999694824219,67.81999969482422,67.87000274658203,1045500.0,58.6187744140625,PCAR
2017-11-24,68.36000061035156,66.69000244140625,67.5999984741211,66.94000244140625,948400.0,57.81553649902344,PCAR
2017-11-27,67.43000030517578,66.83999633789062,67.02999877929688,66.9000015258789,2504400.0,57.78099822998047,PCAR
2017-11-28,68.56999969482422,66.91999816894531,67.5,68.52999877929688,2971000.0,59.188812255859375,PCAR
2017-11-29,69.62999725341797,67.25,67.43000030517578,69.01000213623047,2261600.0,59.6033935546875,PCAR
2017-11-30,70.5,68.83000183105469,69.04000091552734,70.33000183105469,2358100.0,60.74346160888672,PCAR
2017-12-01,70.2699966430664,68.31999969482422,69.79000091552734,69.6500015258789,2765400.0,60.15613555908203,PCAR
2017-12-04,71.7699966430664,69.94999694824219,69.9800033569336,70.2699966430664,3671100.0,60.691619873046875,PCAR
2017-12-05,71.58000183105469,69.91000366210938,70.2699966430664,70.16999816894531,2761300.0,60.605262756347656,PCAR
2017-12-06,70.37999725341797,69.68000030517578,70.27999877929688,70.12000274658203,1966000.0,60.56208038330078,PCAR
2017-12-07,71.68000030517578,69.88999938964844,70.20999908447266,71.22000122070312,1842500.0,61.512142181396484,PCAR
2017-12-08,72.0199966430664,71.20999908447266,71.69000244140625,71.97000122070312,1569300.0,62.1599006652832,PCAR
2017-12-11,71.9000015258789,70.68000030517578,70.68000030517578,71.73999786376953,1853900.0,61.96125411987305,PCAR
2017-12-12,72.30999755859375,71.22000122070312,71.80999755859375,71.91000366210938,2479200.0,62.10808563232422,PCAR
2017-12-13,71.16999816894531,69.93000030517578,70.80000305175781,70.0999984741211,1590700.0,61.57228469848633,PCAR
2017-12-14,70.51000213623047,68.95999908447266,70.4000015258789,69.22000122070312,1697500.0,60.79933547973633,PCAR
2017-12-15,70.0,69.05000305175781,69.83999633789062,69.16000366210938,2827700.0,60.746646881103516,PCAR
2017-12-18,70.98999786376953,69.6500015258789,69.6500015258789,70.5999984741211,1969800.0,62.01145553588867,PCAR
2017-12-19,71.36000061035156,70.47000122070312,71.13999938964844,70.9000015258789,1448900.0,62.27497482299805,PCAR
2017-12-20,71.52999877929688,70.69999694824219,71.19000244140625,71.30999755859375,1406200.0,62.63508605957031,PCAR
2017-12-21,71.4800033569336,70.37000274658203,71.19999694824219,71.2300033569336,1123400.0,62.5648307800293,PCAR
2017-12-22,71.16999816894531,70.83000183105469,71.12999725341797,71.0,880300.0,62.36281204223633,PCAR
2017-12-26,71.58000183105469,70.95999908447266,71.23999786376953,71.1500015258789,476300.0,62.49454879760742,PCAR
2017-12-27,71.44999694824219,70.75,71.44999694824219,70.83999633789062,1051800.0,62.22227096557617,PCAR
2017-12-28,71.55000305175781,70.61000061035156,70.94999694824219,71.44000244140625,1060200.0,62.7492790222168,PCAR
2017-12-29,71.68000030517578,71.05999755859375,71.3499984741211,71.08000183105469,865800.0,62.433067321777344,PCAR
2018-01-02,73.56999969482422,72.45999908447266,72.56999969482422,73.0199966430664,2251500.0,64.13706970214844,PCAR
2018-01-03,73.94000244140625,72.41999816894531,72.47000122070312,73.91000366210938,1428600.0,64.9188003540039,PCAR
2018-01-04,75.69000244140625,74.0,74.19000244140625,74.8499984741211,3095100.0,65.74446868896484,PCAR
2018-01-05,75.37000274658203,74.44000244140625,75.31999969482422,75.0999984741211,2024500.0,65.96402740478516,PCAR
2018-01-08,75.23999786376953,74.72000122070312,74.86000061035156,74.86000061035156,2075600.0,65.75323486328125,PCAR
2018-01-09,75.0999984741211,74.44999694824219,74.86000061035156,74.83000183105469,2869700.0,65.72689819335938,PCAR
2018-01-10,75.01000213623047,73.87999725341797,74.83000183105469,74.11000061035156,2975600.0,65.09446716308594,PCAR
2018-01-11,75.7300033569336,74.19000244140625,74.36000061035156,75.56999969482422,2786100.0,66.37686920166016,PCAR
2018-01-12,76.5999984741211,75.37999725341797,75.70999908447266,76.4000015258789,2307200.0,67.10588073730469,PCAR
2018-01-16,76.80000305175781,75.5,76.5199966430664,75.97000122070312,3014600.0,66.72819519042969,PCAR
2018-01-17,76.83000183105469,75.7699966430664,76.47000122070312,76.54000091552734,1493400.0,67.22886657714844,PCAR
2018-01-18,77.43000030517578,76.26000213623047,76.4000015258789,76.4000015258789,1671400.0,67.10588073730469,PCAR
2018-01-19,77.63999938964844,76.41999816894531,76.66999816894531,77.51000213623047,1962000.0,68.08088684082031,PCAR
2018-01-22,77.73999786376953,76.81999969482422,77.5199966430664,77.63999938964844,2344200.0,68.19505310058594,PCAR
2018-01-23,77.62999725341797,76.70999908447266,77.31999969482422,77.36000061035156,1081700.0,67.9490966796875,PCAR
2018-01-24,78.37999725341797,77.54000091552734,77.66000366210938,78.29000091552734,2070800.0,68.76596069335938,PCAR
2018-01-25,78.66000366210938,77.02999877929688,78.41000366210938,77.22000122070312,2565700.0,67.82614135742188,PCAR
2018-01-26,78.79000091552734,77.12999725341797,77.58999633789062,78.70999908447266,1954700.0,69.13487243652344,PCAR
2018-01-29,79.69000244140625,78.25,78.4000015258789,79.0,3665700.0,69.38961029052734,PCAR
2018-01-30,76.80000305175781,72.05999755859375,76.5,75.73999786376953,5874600.0,66.52619171142578,PCAR
2018-01-31,77.0,73.94000244140625,76.2300033569336,74.55999755859375,3206500.0,65.48971557617188,PCAR
2018-02-01,75.05000305175781,73.91000366210938,74.04000091552734,74.72000122070312,1976400.0,65.63025665283203,PCAR
2018-02-02,74.56999969482422,72.4800033569336,74.36000061035156,72.5999984741211,1944700.0,63.7681770324707,PCAR
2018-02-05,72.94999694824219,69.19000244140625,72.5999984741211,69.19999694824219,2890200.0,60.781776428222656,PCAR
2018-02-06,70.29000091552734,67.31999969482422,67.47000122070312,70.05000305175781,3268900.0,61.52839660644531,PCAR
2018-02-07,70.66000366210938,68.63999938964844,69.70999908447266,68.69000244140625,3000500.0,60.333831787109375,PCAR
2018-02-08,69.19000244140625,66.9800033569336,68.56999969482422,66.9800033569336,3267100.0,58.83183670043945,PCAR
2018-02-09,68.12000274658203,65.30999755859375,67.55000305175781,67.5,2382100.0,59.288578033447266,PCAR
2018-02-12,68.9800033569336,67.75,68.0,68.23999786376953,2130000.0,60.16139221191406,PCAR
2018-02-13,68.29000091552734,67.16999816894531,67.73999786376953,68.13999938964844,1298100.0,60.07321548461914,PCAR
2018-02-14,69.33999633789062,67.37000274658203,67.5,69.12000274658203,1635600.0,60.93721008300781,PCAR
2018-02-15,69.70999908447266,68.02999877929688,69.48999786376953,68.9800033569336,2347500.0,60.81379318237305,PCAR
2018-02-16,69.51000213623047,68.29000091552734,68.70999908447266,68.77999877929688,2682000.0,60.63746643066406,PCAR
2018-02-20,69.16999816894531,68.16000366210938,68.38999938964844,68.98999786376953,1682600.0,60.822593688964844,PCAR
2018-02-21,70.51000213623047,69.05000305175781,69.16999816894531,69.22000122070312,2141100.0,61.025360107421875,PCAR
2018-02-22,70.91000366210938,69.52999877929688,69.70999908447266,70.4000015258789,2781500.0,62.065677642822266,PCAR
2018-02-23,71.33999633789062,70.43000030517578,70.97000122070312,71.31999969482422,2176800.0,62.87675476074219,PCAR
2018-02-26,71.87000274658203,70.83000183105469,71.68000030517578,71.55000305175781,2137200.0,63.07953643798828,PCAR
2018-02-27,72.4000015258789,71.05000305175781,71.54000091552734,71.2300033569336,3645600.0,62.79741668701172,PCAR
2018-02-28,72.20999908447266,71.0199966430664,71.62000274658203,71.58999633789062,5732000.0,63.11479187011719,PCAR
2018-03-01,71.63999938964844,69.0,71.63999938964844,69.04000091552734,7541800.0,60.866676330566406,PCAR
2018-03-02,69.0999984741211,66.47000122070312,68.73999786376953,67.19000244140625,3265300.0,59.23568344116211,PCAR
2018-03-05,68.97000122070312,66.68000030517578,66.7300033569336,68.80999755859375,4652500.0,60.66389465332031,PCAR
2018-03-06,70.55000305175781,69.37000274658203,70.08999633789062,69.91000366210938,2673000.0,61.63369369506836,PCAR
2018-03-07,69.4800033569336,67.94999694824219,69.18000030517578,69.06999969482422,2045800.0,60.893123626708984,PCAR
2018-03-08,68.9800033569336,67.55999755859375,68.75,68.16000366210938,4699200.0,60.09086608886719,PCAR
2018-03-09,69.37000274658203,68.18000030517578,68.54000091552734,69.06999969482422,6146400.0,60.893123626708984,PCAR
2018-03-12,69.26000213623047,67.4000015258789,69.26000213623047,67.73999786376953,3210200.0,59.72057342529297,PCAR
2018-03-13,68.51000213623047,67.0199966430664,68.08999633789062,67.37999725341797,2596900.0,59.403202056884766,PCAR
2018-03-14,67.81999969482422,66.12999725341797,67.5,66.3499984741211,1983800.0,58.49512481689453,PCAR
2018-03-15,66.9000015258789,66.29000091552734,66.38999938964844,66.81999969482422,2832400.0,58.909507751464844,PCAR
2018-03-16,68.08999633789062,66.62999725341797,66.8499984741211,67.73999786376953,6264000.0,59.72057342529297,PCAR
2018-03-19,66.62000274658203,65.45999908447266,65.91999816894531,66.1500015258789,2578200.0,58.31880569458008,PCAR
2018-03-20,66.9800033569336,66.23999786376953,66.41999816894531,66.29000091552734,1544900.0,58.442237854003906,PCAR
2018-03-21,67.45999908447266,66.08999633789062,66.30000305175781,66.81999969482422,1514800.0,58.909507751464844,PCAR
2018-03-22,66.19000244140625,64.29000091552734,66.02999877929688,64.31999969482422,2383500.0,56.705448150634766,PCAR
2018-03-23,64.7699966430664,62.81999969482422,64.58999633789062,62.939998626708984,2601200.0,55.488826751708984,PCAR
2018-03-26,65.08999633789062,63.79999923706055,64.16999816894531,65.0199966430664,2404200.0,57.32257843017578,PCAR
2018-03-27,65.56999969482422,63.56999969482422,65.25,63.880001068115234,2456800.0,56.317543029785156,PCAR
2018-03-28,65.0,63.79999923706055,64.05999755859375,64.5,2591300.0,56.8641471862793,PCAR
2018-03-29,66.5999984741211,64.66999816894531,64.91000366210938,66.16999816894531,2906000.0,58.33644485473633,PCAR
2018-04-02,66.0,63.349998474121094,65.95999908447266,64.41000366210938,2660200.0,56.784793853759766,PCAR
2018-04-03,65.80000305175781,64.29000091552734,64.7300033569336,65.70999908447266,2656700.0,57.93088912963867,PCAR
2018-04-04,67.58999633789062,64.33999633789062,64.47000122070312,67.33000183105469,3856300.0,59.3591194152832,PCAR
2018-04-05,69.02999877929688,67.45999908447266,67.8499984741211,68.33999633789062,3212800.0,60.249534606933594,PCAR
2018-04-06,68.5999984741211,65.5999984741211,67.93000030517578,66.26000213623047,2264300.0,58.41577911376953,PCAR
2018-04-09,66.9000015258789,65.43000030517578,66.83000183105469,65.52999877929688,2454600.0,57.772212982177734,PCAR
2018-04-10,68.06999969482422,66.4000015258789,66.9000015258789,67.73999786376953,2216300.0,59.72057342529297,PCAR
2018-04-11,67.66999816894531,66.8499984741211,67.05000305175781,67.02999877929688,1588600.0,59.09462356567383,PCAR
2018-04-12,68.62999725341797,67.18000030517578,67.33000183105469,68.18000030517578,1606300.0,60.10847473144531,PCAR
2018-04-13,68.68000030517578,67.54000091552734,68.68000030517578,67.87000274658203,1589800.0,59.83518981933594,PCAR
2018-04-16,69.77999877929688,68.18000030517578,68.55000305175781,69.5199966430664,2332100.0,61.28984451293945,PCAR
2018-04-17,70.2699966430664,69.44000244140625,70.0,69.73999786376953,2296600.0,61.48381042480469,PCAR
2018-04-18,71.58000183105469,70.0199966430664,70.44000244140625,70.87999725341797,2291400.0,62.48883819580078,PCAR
2018-04-19,70.80999755859375,69.08000183105469,70.41999816894531,69.63999938964844,2523400.0,61.395652770996094,PCAR
2018-04-20,70.0199966430664,68.77999877929688,69.8499984741211,69.18000030517578,2171300.0,60.990089416503906,PCAR
2018-04-23,69.91000366210938,69.05999755859375,69.25,69.41000366210938,2296200.0,61.1928825378418,PCAR
2018-04-24,71.4000015258789,63.470001220703125,70.11000061035156,64.91999816894531,5575500.0,57.23442077636719,PCAR
2018-04-25,65.77999877929688,63.81999969482422,64.54000091552734,64.9000015258789,3908400.0,57.21678924560547,PCAR
2018-04-26,65.08000183105469,63.400001525878906,65.05000305175781,64.26000213623047,3216800.0,56.652557373046875,PCAR
2018-04-27,64.75,63.91999816894531,64.19000244140625,64.41000366210938,1448900.0,56.784793853759766,PCAR
2018-04-30,64.8499984741211,63.650001525878906,64.75,63.66999816894531,2283000.0,56.13240432739258,PCAR
2018-05-01,63.7599983215332,61.97999954223633,63.5,63.58000183105469,2364900.0,56.053062438964844,PCAR
2018-05-02,63.349998474121094,61.20000076293945,62.25,62.16999816894531,3400800.0,54.80998229980469,PCAR
2018-05-03,62.849998474121094,60.36000061035156,61.849998474121094,62.63999938964844,2600100.0,55.224342346191406,PCAR
2018-05-04,64.16999816894531,61.720001220703125,62.220001220703125,63.79999923706055,1812600.0,56.24700927734375,PCAR
2018-05-07,64.77999877929688,63.939998626708984,63.939998626708984,64.5,1839000.0,56.8641471862793,PCAR
2018-05-08,64.69999694824219,63.75,64.44999694824219,64.25,1551400.0,56.643741607666016,PCAR
2018-05-09,64.73999786376953,63.470001220703125,64.56999969482422,64.05000305175781,1869700.0,56.46741485595703,PCAR
2018-05-10,64.41999816894531,63.68000030517578,64.30000305175781,63.7599983215332,1949600.0,56.21174621582031,PCAR
2018-05-11,64.41000366210938,63.15999984741211,63.849998474121094,63.790000915527344,2403100.0,56.23820495605469,PCAR
2018-05-14,63.93000030517578,63.04999923706055,63.4900016784668,63.189998626708984,2615400.0,55.954837799072266,PCAR
2018-05-15,63.65999984741211,62.72999954223633,62.810001373291016,63.52000045776367,1978400.0,56.24704360961914,PCAR
2018-05-16,64.27999877929688,63.43000030517578,63.59000015258789,63.90999984741211,1284100.0,56.59239959716797,PCAR
2018-05-17,64.91000366210938,63.599998474121094,63.84000015258789,64.29000091552734,1224500.0,56.928890228271484,PCAR
2018-05-18,65.30000305175781,64.11000061035156,64.45999908447266,65.01000213623047,1394000.0,57.56645202636719,PCAR
2018-05-21,66.51000213623047,65.05999755859375,65.47000122070312,66.01000213623047,1291000.0,58.45195388793945,PCAR
2018-05-22,66.75,65.69999694824219,66.25,65.73999786376953,1574600.0,58.21285629272461,PCAR
2018-05-23,65.56999969482422,64.30000305175781,65.23999786376953,65.08999633789062,1444100.0,57.63728713989258,PCAR
2018-05-24,65.58000183105469,64.52999877929688,65.16999816894531,65.2300033569336,1319500.0,57.761268615722656,PCAR
2018-05-25,65.44000244140625,64.30000305175781,65.1500015258789,64.63999938964844,951500.0,57.238807678222656,PCAR
2018-05-29,64.5,63.04999923706055,64.05000305175781,63.5099983215332,1518700.0,56.23820114135742,PCAR
2018-05-30,64.62000274658203,63.540000915527344,63.77000045776367,64.2699966430664,1528900.0,56.91118240356445,PCAR
2018-05-31,63.779998779296875,61.63999938964844,63.29999923706055,62.22999954223633,3931000.0,55.10474395751953,PCAR
2018-06-01,63.400001525878906,62.630001068115234,62.630001068115234,62.970001220703125,1638700.0,55.76002883911133,PCAR
2018-06-04,63.709999084472656,62.7599983215332,63.04999923706055,63.08000183105469,1337000.0,55.8574333190918,PCAR
2018-06-05,64.80999755859375,63.5099983215332,64.30000305175781,64.41000366210938,2651300.0,57.035152435302734,PCAR
2018-06-06,65.5,64.16000366210938,64.37000274658203,65.48999786376953,2043200.0,57.99149703979492,PCAR
2018-06-07,65.66999816894531,64.66999816894531,65.4800033569336,64.9800033569336,1622500.0,57.539878845214844,PCAR
2018-06-08,65.4000015258789,64.69999694824219,65.12999725341797,65.26000213623047,1335400.0,57.7878303527832,PCAR
2018-06-11,65.72000122070312,65.0199966430664,65.0999984741211,65.5999984741211,1154000.0,58.088897705078125,PCAR
2018-06-12,65.9000015258789,65.0199966430664,65.58999633789062,65.19999694824219,1403500.0,57.73468780517578,PCAR
2018-06-13,65.33999633789062,63.970001220703125,65.33999633789062,64.01000213623047,1228500.0,56.68095397949219,PCAR
2018-06-14,64.72000122070312,63.56999969482422,64.16000366210938,63.7599983215332,1282300.0,56.45956802368164,PCAR
2018-06-15,64.3499984741211,62.54999923706055,63.849998474121094,64.0,3302700.0,56.672096252441406,PCAR
2018-06-18,64.0199966430664,63.06999969482422,63.5099983215332,63.58000183105469,1444800.0,56.30018615722656,PCAR
2018-06-19,63.029998779296875,62.06999969482422,62.869998931884766,62.75,2154900.0,55.565216064453125,PCAR
2018-06-20,63.029998779296875,62.38999938964844,62.939998626708984,62.5099983215332,1745700.0,55.352699279785156,PCAR
2018-06-21,62.33000183105469,60.970001220703125,62.33000183105469,61.5099983215332,1689100.0,54.467193603515625,PCAR
2018-06-22,62.52000045776367,61.59000015258789,62.09000015258789,62.11000061035156,2653000.0,54.99850082397461,PCAR
2018-06-25,62.880001068115234,61.220001220703125,61.810001373291016,62.13999938964844,3240500.0,55.025062561035156,PCAR
2018-06-26,62.5099983215332,61.810001373291016,62.15999984741211,62.15999984741211,2241800.0,55.04277038574219,PCAR
2018-06-27,63.20000076293945,61.7400016784668,62.290000915527344,61.7599983215332,1244600.0,54.688568115234375,PCAR
2018-06-28,62.279998779296875,61.279998779296875,61.470001220703125,62.040000915527344,1397700.0,54.93650817871094,PCAR
2018-06-29,63.029998779296875,61.81999969482422,61.90999984741211,61.959999084472656,1715100.0,54.86567306518555,PCAR
2018-07-02,60.959999084472656,59.81999969482422,60.290000915527344,60.86000061035156,2199200.0,53.89161682128906,PCAR
2018-07-03,61.560001373291016,59.88999938964844,61.2400016784668,59.959999084472656,1090000.0,53.094661712646484,PCAR
2018-07-05,60.810001373291016,60.130001068115234,60.630001068115234,60.58000183105469,2143400.0,53.643680572509766,PCAR
2018-07-06,61.06999969482422,60.029998779296875,60.68000030517578,60.90999984741211,1910900.0,53.93588638305664,PCAR
2018-07-09,61.9900016784668,60.83000183105469,61.08000183105469,61.84000015258789,2222600.0,54.7594108581543,PCAR
2018-07-10,62.88999938964844,61.9900016784668,62.63999938964844,62.58000183105469,1385900.0,55.41468811035156,PCAR
2018-07-11,61.939998626708984,60.93000030517578,61.83000183105469,61.220001220703125,1034500.0,54.21039581298828,PCAR
2018-07-12,61.90999984741211,61.0099983215332,61.599998474121094,61.72999954223633,1075700.0,54.66200256347656,PCAR
2018-07-13,63.709999084472656,61.790000915527344,61.790000915527344,63.45000076293945,2214500.0,56.185062408447266,PCAR
2018-07-16,63.5099983215332,62.36000061035156,63.5,62.56999969482422,1836700.0,55.405826568603516,PCAR
2018-07-17,63.22999954223633,62.130001068115234,62.20000076293945,63.209999084472656,1527300.0,55.9725456237793,PCAR
2018-07-18,64.13999938964844,62.04999923706055,62.04999923706055,63.40999984741211,2556100.0,56.149654388427734,PCAR
2018-07-19,63.709999084472656,62.630001068115234,63.369998931884766,63.45000076293945,2056100.0,56.185062408447266,PCAR
2018-07-20,63.22999954223633,62.59000015258789,63.209999084472656,62.75,1667100.0,55.565216064453125,PCAR
2018-07-23,63.4900016784668,62.40999984741211,62.689998626708984,62.91999816894531,2668800.0,55.71575164794922,PCAR
2018-07-24,65.0199966430664,61.06999969482422,64.30000305175781,63.25,4829800.0,56.007965087890625,PCAR
2018-07-25,64.2699966430664,62.04999923706055,62.04999923706055,64.16999816894531,3615000.0,56.82262420654297,PCAR
2018-07-26,66.04000091552734,64.30000305175781,64.30000305175781,65.41999816894531,2985800.0,57.92949295043945,PCAR
2018-07-27,66.13999938964844,65.37999725341797,65.37999725341797,66.06999969482422,2283000.0,58.50507736206055,PCAR
2018-07-30,66.81999969482422,64.9000015258789,66.05000305175781,65.01000213623047,2251200.0,57.56645202636719,PCAR
2018-07-31,65.97000122070312,65.12999725341797,65.3499984741211,65.72000122070312,2556400.0,58.19515609741211,PCAR
2018-08-01,65.69000244140625,63.630001068115234,65.5,63.970001220703125,1794000.0,56.645530700683594,PCAR
2018-08-02,63.95000076293945,62.79999923706055,63.5,63.290000915527344,2072800.0,56.04338455200195,PCAR
2018-08-03,64.5199966430664,63.27000045776367,63.27000045776367,64.43000030517578,2062200.0,57.052860260009766,PCAR
2018-08-06,66.2699966430664,64.87999725341797,65.7300033569336,64.94000244140625,1737400.0,57.50447082519531,PCAR
2018-08-07,65.86000061035156,63.52000045776367,63.52000045776367,65.18000030517578,1305200.0,57.71699142456055,PCAR
2018-08-08,65.20999908447266,64.30000305175781,65.05000305175781,64.44000244140625,1159100.0,57.06172180175781,PCAR
2018-08-09,64.80999755859375,63.75,64.52999877929688,64.30999755859375,1270800.0,56.946598052978516,PCAR
2018-08-10,64.0999984741211,63.029998779296875,63.880001068115234,63.560001373291016,1474400.0,56.2824821472168,PCAR
2018-08-13,64.76000213623047,63.59000015258789,63.59000015258789,63.939998626708984,1945700.0,56.86949157714844,PCAR
2018-08-14,65.12000274658203,64.0199966430664,64.16999816894531,64.80999755859375,2113200.0,57.64327621459961,PCAR
2018-08-15,64.61000061035156,63.31999969482422,64.1500015258789,64.52999877929688,1978500.0,57.39424133300781,PCAR
2018-08-16,66.05000305175781,65.0,65.0999984741211,65.68000030517578,1913200.0,58.417083740234375,PCAR
2018-08-17,67.52999877929688,65.70999908447266,65.86000061035156,67.16000366210938,2424700.0,59.73341751098633,PCAR
2018-08-20,68.56999969482422,67.38999938964844,67.45999908447266,68.23999786376953,2531000.0,60.693992614746094,PCAR
2018-08-21,68.69999694824219,67.77999877929688,68.4000015258789,67.95999908447266,2258400.0,60.44495391845703,PCAR
2018-08-22,68.04000091552734,67.48999786376953,67.8499984741211,67.7699966430664,1727800.0,60.27596664428711,PCAR
2018-08-23,67.54000091552734,66.12999725341797,67.47000122070312,66.62000274658203,1533600.0,59.253143310546875,PCAR
2018-08-24,67.55999755859375,66.3499984741211,66.55000305175781,67.43000030517578,1930900.0,59.97355270385742,PCAR
2018-08-27,69.13999938964844,67.52999877929688,67.80999755859375,68.62000274658203,1622300.0,61.03196716308594,PCAR
2018-08-28,69.11000061035156,68.41999816894531,68.81999969482422,68.48999786376953,1576100.0,60.91635513305664,PCAR
2018-08-29,68.66999816894531,67.87000274658203,68.47000122070312,68.43000030517578,967600.0,60.86298751831055,PCAR
2018-08-30,68.55999755859375,67.51000213623047,68.25,67.86000061035156,1676700.0,60.356014251708984,PCAR
2018-08-31,68.5,67.56999969482422,67.80999755859375,68.41999816894531,1615800.0,60.854087829589844,PCAR
2018-09-04,68.41999816894531,67.68000030517578,67.94999694824219,68.33999633789062,2062200.0,60.782936096191406,PCAR
2018-09-05,69.93000030517578,67.88999938964844,68.05000305175781,69.91000366210938,3516700.0,62.1793212890625,PCAR
2018-09-06,70.30000305175781,68.98999786376953,69.87999725341797,69.18000030517578,1942500.0,61.530052185058594,PCAR
2018-09-07,69.2699966430664,68.23999786376953,68.7699966430664,69.01000213623047,1863000.0,61.37882995605469,PCAR
2018-09-10,70.88999938964844,69.36000061035156,69.44000244140625,69.98999786376953,1794900.0,62.25046157836914,PCAR
2018-09-11,69.94000244140625,68.75,69.73999786376953,69.05999755859375,2258900.0,61.423309326171875,PCAR
2018-09-12,69.79000091552734,68.31999969482422,68.94000244140625,69.63999938964844,1753800.0,61.939178466796875,PCAR
2018-09-13,70.3499984741211,69.48999786376953,69.9800033569336,69.88999938964844,1085400.0,62.16154479980469,PCAR
2018-09-14,70.6500015258789,69.88999938964844,69.9800033569336,70.33999633789062,1589900.0,62.56178283691406,PCAR
2018-09-17,71.97000122070312,70.51000213623047,70.61000061035156,70.62999725341797,1660200.0,62.8196907043457,PCAR
2018-09-18,71.33999633789062,69.83000183105469,70.87999725341797,71.12000274658203,1252600.0,63.255523681640625,PCAR
2018-09-19,71.94999694824219,71.05999755859375,71.05999755859375,71.31999969482422,1548600.0,63.433414459228516,PCAR
2018-09-20,72.62999725341797,71.5999984741211,71.80000305175781,72.41000366210938,1669900.0,64.40287017822266,PCAR
2018-09-21,72.88999938964844,72.02999877929688,72.7300033569336,72.19999694824219,2348900.0,64.21609497070312,PCAR
2018-09-24,71.94999694824219,70.0199966430664,71.83999633789062,70.36000061035156,1864100.0,62.579566955566406,PCAR
2018-09-25,70.54000091552734,69.0999984741211,70.27999877929688,69.25,1864200.0,61.59230422973633,PCAR
2018-09-26,69.69000244140625,68.66000366210938,69.5999984741211,68.77999877929688,1815400.0,61.17426681518555,PCAR
2018-09-27,69.37000274658203,68.43000030517578,69.13999938964844,69.05999755859375,1143400.0,61.423309326171875,PCAR
2018-09-28,69.05000305175781,67.97000122070312,68.94000244140625,68.19000244140625,2074000.0,60.649539947509766,PCAR
2018-10-01,69.58000183105469,68.58000183105469,68.76000213623047,69.0,1761100.0,61.369964599609375,PCAR
2018-10-02,69.87000274658203,68.83999633789062,68.94000244140625,69.68000030517578,1206100.0,61.974769592285156,PCAR
2018-10-03,70.76000213623047,69.66999816894531,69.80000305175781,70.2300033569336,1544200.0,62.46393966674805,PCAR
2018-10-04,70.73999786376953,69.48999786376953,70.0,69.87999725341797,1593400.0,62.15263366699219,PCAR
2018-10-05,69.76000213623047,67.4000015258789,69.19000244140625,67.9800033569336,1771200.0,60.46276092529297,PCAR
2018-10-08,68.19999694824219,67.41000366210938,67.69000244140625,68.12999725341797,1773200.0,60.59614181518555,PCAR
2018-10-09,68.36000061035156,66.27999877929688,68.26000213623047,66.36000061035156,1501200.0,59.021881103515625,PCAR
2018-10-10,66.44999694824219,63.790000915527344,66.30999755859375,63.849998474121094,2279800.0,56.7894401550293,PCAR
2018-10-11,64.69000244140625,62.470001220703125,63.709999084472656,62.849998474121094,2767400.0,55.9000129699707,PCAR
2018-10-12,63.880001068115234,61.290000915527344,63.77000045776367,62.130001068115234,2761000.0,55.2596435546875,PCAR
2018-10-15,62.66999816894531,61.790000915527344,61.849998474121094,62.09000015258789,1996600.0,55.22406768798828,PCAR
2018-10-16,63.09000015258789,61.72999954223633,62.650001525878906,62.939998626708984,1753200.0,55.98006820678711,PCAR
2018-10-17,62.970001220703125,61.16999816894531,62.86000061035156,61.7400016784668,1515400.0,54.91276931762695,PCAR
2018-10-18,61.72999954223633,59.650001525878906,61.58000183105469,60.34000015258789,2492300.0,53.667579650878906,PCAR
2018-10-19,60.970001220703125,59.90999984741211,60.09000015258789,60.22999954223633,2555500.0,53.56974411010742,PCAR
2018-10-22,61.220001220703125,60.08000183105469,60.290000915527344,60.5,4610700.0,53.80988693237305,PCAR
2018-10-23,59.04999923706055,54.7599983215332,58.0,57.400001525878906,5495200.0,51.05268859863281,PCAR
2018-10-24,57.58000183105469,54.90999984741211,57.529998779296875,54.95000076293945,4411700.0,48.87360763549805,PCAR
2018-10-25,56.290000915527344,54.779998779296875,55.58000183105469,55.220001220703125,2871300.0,49.11375427246094,PCAR
2018-10-26,56.0,53.95000076293945,54.08000183105469,55.29999923706055,2658300.0,49.18490982055664,PCAR
2018-10-29,57.25,54.869998931884766,56.20000076293945,55.810001373291016,2576800.0,49.63850784301758,PCAR
2018-10-30,57.439998626708984,55.599998474121094,56.04999923706055,56.47999954223633,4082200.0,50.23441696166992,PCAR
2018-10-31,57.68000030517578,56.68000030517578,57.11000061035156,57.209999084472656,3324800.0,50.883697509765625,PCAR
2018-11-01,59.5099983215332,57.529998779296875,57.54999923706055,59.13999938964844,2321100.0,52.600276947021484,PCAR
2018-11-02,59.75,57.7599983215332,59.459999084472656,58.29999923706055,2170600.0,51.8531608581543,PCAR
2018-11-05,58.95000076293945,57.88999938964844,58.650001525878906,58.459999084472656,1649500.0,51.9954719543457,PCAR
2018-11-06,59.5,58.31999969482422,58.5099983215332,59.36000061035156,1427100.0,52.795955657958984,PCAR
2018-11-07,59.939998626708984,58.2400016784668,59.779998779296875,59.900001525878906,2506900.0,53.276241302490234,PCAR
2018-11-08,60.52000045776367,59.36000061035156,59.619998931884766,60.150001525878906,1716400.0,53.49859619140625,PCAR
2018-11-09,59.88999938964844,58.189998626708984,59.36000061035156,58.36000061035156,1637800.0,52.1492805480957,PCAR
2018-11-12,59.150001525878906,58.06999969482422,58.400001525878906,58.380001068115234,1580700.0,52.16715621948242,PCAR
2018-11-13,60.04999923706055,58.630001068115234,58.88999938964844,58.849998474121094,1647300.0,52.58713150024414,PCAR
2018-11-14,60.25,58.869998931884766,59.20000076293945,59.68000030517578,1756200.0,53.32881164550781,PCAR
2018-11-15,60.79999923706055,58.779998779296875,59.18000030517578,60.560001373291016,1613500.0,54.11515426635742,PCAR
2018-11-16,61.15999984741211,60.0099983215332,60.130001068115234,60.77000045776367,1337900.0,54.30280685424805,PCAR
2018-11-19,61.41999816894531,60.150001525878906,60.47999954223633,60.4900016784668,1558600.0,54.0526123046875,PCAR
2018-11-20,60.47999954223633,59.0,60.20000076293945,59.369998931884766,1970200.0,53.05179977416992,PCAR
2018-11-21,60.7599983215332,59.52000045776367,59.7599983215332,59.95000076293945,1394700.0,53.57007598876953,PCAR
2018-11-23,60.459999084472656,58.97999954223633,59.349998474121094,60.04999923706055,592100.0,53.65943145751953,PCAR
2018-11-26,61.34000015258789,60.40999984741211,60.47999954223633,60.68000030517578,1190800.0,54.222389221191406,PCAR
2018-11-27,60.7599983215332,59.970001220703125,60.47999954223633,60.56999969482422,1638100.0,54.12409591674805,PCAR
2018-11-28,62.08000183105469,60.040000915527344,60.709999084472656,62.0099983215332,2306500.0,55.41084289550781,PCAR
2018-11-29,62.060001373291016,61.130001068115234,61.70000076293945,61.310001373291016,1231200.0,54.785343170166016,PCAR
2018-11-30,62.290000915527344,61.13999938964844,61.380001068115234,62.220001220703125,3435500.0,55.5984992980957,PCAR
2018-12-03,63.40999984741211,61.040000915527344,63.11000061035156,61.11000061035156,3076400.0,54.606632232666016,PCAR
2018-12-04,61.0099983215332,58.90999984741211,60.83000183105469,59.31999969482422,4325500.0,53.007118225097656,PCAR
2018-12-06,58.619998931884766,56.11000061035156,58.20000076293945,58.58000183105469,4669500.0,52.34587478637695,PCAR
2018-12-07,59.130001068115234,56.86000061035156,58.290000915527344,57.09000015258789,2224000.0,51.01443862915039,PCAR
2018-12-10,57.70000076293945,55.9900016784668,57.099998474121094,57.56999969482422,3027000.0,51.443355560302734,PCAR
2018-12-11,58.77000045776367,57.38999938964844,58.41999816894531,57.810001373291016,3484000.0,51.65781784057617,PCAR
2018-12-12,59.91999816894531,58.369998931884766,58.70000076293945,58.40999984741211,2624800.0,52.1939582824707,PCAR
2018-12-13,57.470001220703125,56.66999816894531,56.880001068115234,57.310001373291016,2720200.0,53.02669906616211,PCAR
2018-12-14,57.459999084472656,56.52000045776367,56.72999954223633,56.56999969482422,1882200.0,52.342002868652344,PCAR
2018-12-17,57.54999923706055,55.63999938964844,56.52000045776367,56.09000015258789,2314400.0,51.897884368896484,PCAR
2018-12-18,57.27000045776367,55.90999984741211,56.52000045776367,56.18000030517578,2078300.0,51.98115158081055,PCAR
2018-12-19,57.13999938964844,54.61000061035156,56.369998931884766,54.880001068115234,2066300.0,50.77831268310547,PCAR
2018-12-20,55.91999816894531,54.5099983215332,54.7599983215332,55.40999984741211,2700500.0,51.268699645996094,PCAR
2018-12-21,56.90999984741211,54.720001220703125,55.790000915527344,54.900001525878906,3621300.0,50.796817779541016,PCAR
2018-12-24,54.86000061035156,53.5099983215332,54.5099983215332,53.66999816894531,1063900.0,49.658748626708984,PCAR
2018-12-26,56.5099983215332,53.43000030517578,53.959999084472656,56.47999954223633,2346100.0,52.25872802734375,PCAR
2018-12-27,57.52000045776367,55.06999969482422,55.540000915527344,57.459999084472656,2399300.0,53.16548538208008,PCAR
2018-12-28,58.040000915527344,56.7599983215332,57.7599983215332,57.09000015258789,1634800.0,52.823143005371094,PCAR
2018-12-31,57.619998931884766,56.619998931884766,57.38999938964844,57.13999938964844,1699100.0,52.869407653808594,PCAR
2019-01-02,57.95000076293945,55.84000015258789,56.27000045776367,57.86000061035156,1803000.0,53.535587310791016,PCAR
2019-01-03,57.58000183105469,56.11000061035156,57.459999084472656,56.52000045776367,1974700.0,52.295745849609375,PCAR
2019-01-04,59.060001373291016,57.0,57.20000076293945,59.029998779296875,2569900.0,54.61814498901367,PCAR
2019-01-07,59.72999954223633,57.81999969482422,58.7599983215332,58.959999084472656,3047700.0,54.55337905883789,PCAR
2019-01-08,60.189998626708984,58.97999954223633,59.5,59.529998779296875,2966300.0,55.080772399902344,PCAR
2019-01-09,60.15999984741211,58.310001373291016,59.810001373291016,58.630001068115234,3471500.0,54.248043060302734,PCAR
2019-01-10,59.63999938964844,57.56999969482422,57.83000183105469,59.15999984741211,2821400.0,54.73843002319336,PCAR
2019-01-11,59.709999084472656,58.43000030517578,59.04999923706055,59.439998626708984,1919200.0,54.99749755859375,PCAR
2019-01-14,60.33000183105469,58.65999984741211,59.11000061035156,59.970001220703125,2212800.0,55.487892150878906,PCAR
2019-01-15,60.189998626708984,59.279998779296875,60.0099983215332,59.56999969482422,1399300.0,55.11778259277344,PCAR
2019-01-16,60.40999984741211,59.459999084472656,59.68000030517578,60.060001373291016,1522400.0,55.571170806884766,PCAR
2019-01-17,61.869998931884766,59.65999984741211,59.810001373291016,61.34000015258789,2451100.0,56.755496978759766,PCAR
2019-01-18,63.16999816894531,61.41999816894531,61.869998931884766,62.97999954223633,2244700.0,58.27293014526367,PCAR
2019-01-22,62.58000183105469,61.439998626708984,62.38999938964844,62.04999923706055,2338800.0,57.41242980957031,PCAR
2019-01-23,62.540000915527344,61.22999954223633,62.540000915527344,61.619998931884766,1900100.0,57.01457595825195,PCAR
2019-01-24,61.93000030517578,61.040000915527344,61.15999984741211,61.790000915527344,2501700.0,57.171871185302734,PCAR
2019-01-25,63.27000045776367,62.41999816894531,62.560001373291016,62.689998626708984,2222400.0,58.00459671020508,PCAR
2019-01-28,61.84000015258789,60.959999084472656,61.77000045776367,61.29999923706055,4393400.0,56.71848678588867,PCAR
2019-01-29,64.97000122070312,62.40999984741211,63.77000045776367,64.83999633789062,3925900.0,59.9939079284668,PCAR
2019-01-30,65.19000244140625,63.630001068115234,65.0,64.75,2843000.0,59.91064453125,PCAR
2019-01-31,65.55999755859375,64.16000366210938,64.6500015258789,65.5199966430664,2479300.0,60.62308883666992,PCAR
2019-02-01,65.87999725341797,64.75,65.51000213623047,64.95999908447266,2019000.0,60.104949951171875,PCAR
2019-02-04,65.26000213623047,64.18000030517578,64.88999938964844,65.25,2058700.0,60.3732795715332,PCAR
2019-02-05,65.61000061035156,64.7300033569336,65.43000030517578,65.56999969482422,1976500.0,60.669349670410156,PCAR
2019-02-06,65.87999725341797,64.45999908447266,64.97000122070312,65.55999755859375,2120500.0,60.66010665893555,PCAR
2019-02-07,66.08000183105469,65.11000061035156,65.7300033569336,65.9000015258789,2514300.0,60.97468566894531,PCAR
2019-02-08,65.97000122070312,64.94999694824219,65.62000274658203,65.94999694824219,1535000.0,61.02095031738281,PCAR
2019-02-11,66.19999694824219,65.33000183105469,65.8499984741211,65.36000061035156,1044900.0,60.7699089050293,PCAR
2019-02-12,67.0199966430664,65.87999725341797,66.04000091552734,66.76000213623047,1773000.0,62.07158660888672,PCAR
2019-02-13,67.69000244140625,66.80999755859375,67.08999633789062,67.43000030517578,1123200.0,62.69454574584961,PCAR
2019-02-14,67.55999755859375,66.68000030517578,67.02999877929688,66.87000274658203,1579200.0,62.17387390136719,PCAR
2019-02-15,68.23999786376953,67.0,67.5199966430664,68.0999984741211,1933600.0,63.317481994628906,PCAR
2019-02-19,68.56999969482422,67.69999694824219,67.9800033569336,68.22000122070312,1566000.0,63.429073333740234,PCAR
2019-02-20,69.06999969482422,68.0,68.30999755859375,69.04000091552734,1291700.0,64.19146728515625,PCAR
2019-02-21,69.44999694824219,68.62999725341797,68.81999969482422,69.16999816894531,1685700.0,64.31234741210938,PCAR
2019-02-22,70.2300033569336,69.4000015258789,69.45999908447266,69.88999938964844,1744800.0,64.9817886352539,PCAR
2019-02-25,70.3499984741211,69.43000030517578,70.31999969482422,69.48999786376953,1416600.0,64.60986328125,PCAR
2019-02-26,69.87999725341797,68.91000366210938,69.16999816894531,69.33000183105469,2008600.0,64.46111297607422,PCAR
2019-02-27,69.02999877929688,67.87000274658203,69.02999877929688,68.41999816894531,1976200.0,63.615020751953125,PCAR
2019-02-28,68.4000015258789,67.41999816894531,68.4000015258789,67.80000305175781,2311600.0,63.03855895996094,PCAR
2019-03-01,68.56999969482422,67.22000122070312,68.25,67.7699966430664,2206300.0,63.01066589355469,PCAR
2019-03-04,68.43000030517578,66.66000366210938,68.12000274658203,67.4800033569336,2366300.0,62.74102783203125,PCAR
2019-03-05,68.1500015258789,67.33000183105469,67.62999725341797,67.79000091552734,2230100.0,63.029266357421875,PCAR
2019-03-06,67.86000061035156,67.20999908447266,67.66000366210938,67.26000213623047,2494600.0,62.53647232055664,PCAR
2019-03-07,67.2300033569336,65.91999816894531,67.01000213623047,67.12000274658203,2102700.0,62.40632247924805,PCAR
2019-03-08,67.37000274658203,66.19999694824219,66.5,67.30999755859375,1858200.0,62.582969665527344,PCAR
2019-03-11,68.22000122070312,67.1500015258789,67.38999938964844,68.1500015258789,1800800.0,63.36397933959961,PCAR
2019-03-12,68.30999755859375,67.87999725341797,68.23999786376953,68.23999786376953,2261600.0,63.44766616821289,PCAR
2019-03-13,69.01000213623047,68.20999908447266,68.58999633789062,68.73999786376953,2979900.0,63.91254806518555,PCAR
2019-03-14,68.7300033569336,68.0999984741211,68.52999877929688,68.44999694824219,2392300.0,63.64290237426758,PCAR
2019-03-15,68.86000061035156,67.58000183105469,68.45999908447266,67.6500015258789,3013400.0,62.89909362792969,PCAR
2019-03-18,68.4800033569336,67.48999786376953,67.58000183105469,68.41000366210938,1785700.0,63.60572052001953,PCAR
2019-03-19,68.98999786376953,67.83000183105469,68.76000213623047,68.0999984741211,1369800.0,63.317481994628906,PCAR
2019-03-20,68.41999816894531,67.41999816894531,67.93000030517578,67.73999786376953,1312000.0,62.9827766418457,PCAR
2019-03-21,68.33000183105469,67.33000183105469,67.33000183105469,68.19000244140625,1206400.0,63.401180267333984,PCAR
2019-03-22,68.08999633789062,66.8499984741211,67.79000091552734,67.02999877929688,2087900.0,62.3226318359375,PCAR
2019-03-25,67.81999969482422,67.0999984741211,67.44000244140625,67.4000015258789,1171300.0,62.66665267944336,PCAR
2019-03-26,68.1500015258789,67.16000366210938,67.72000122070312,67.41999816894531,1230700.0,62.685245513916016,PCAR
2019-03-27,68.05999755859375,67.37000274658203,67.4800033569336,67.81999969482422,1021000.0,63.057151794433594,PCAR
2019-03-28,68.86000061035156,67.70999908447266,67.93000030517578,68.2699966430664,1159200.0,63.475547790527344,PCAR
2019-03-29,68.94999694824219,68.02999877929688,68.79000091552734,68.13999938964844,2320000.0,63.35469055175781,PCAR
2019-04-01,69.23999786376953,68.33999633789062,68.80999755859375,69.05000305175781,2669500.0,64.2007827758789,PCAR
2019-04-02,69.0999984741211,68.19999694824219,69.0999984741211,68.41999816894531,4759500.0,63.615020751953125,PCAR
2019-04-03,68.94999694824219,68.02999877929688,68.66999816894531,68.33000183105469,2630600.0,63.531341552734375,PCAR
2019-04-04,69.41000366210938,68.01000213623047,68.25,69.0199966430664,3534800.0,64.1728744506836,PCAR
2019-04-05,69.43000030517578,68.83000183105469,69.31999969482422,69.0199966430664,1221400.0,64.1728744506836,PCAR
2019-04-08,69.08999633789062,68.48999786376953,68.83999633789062,68.94000244140625,1076800.0,64.0984878540039,PCAR
2019-04-09,68.7699966430664,67.94999694824219,68.5199966430664,68.4000015258789,1341200.0,63.59642028808594,PCAR
2019-04-10,68.91000366210938,68.16999816894531,68.56999969482422,68.77999877929688,1103000.0,63.94972610473633,PCAR
2019-04-11,69.7699966430664,68.62000274658203,68.97000122070312,69.70999908447266,1395800.0,64.81441497802734,PCAR
2019-04-12,70.7300033569336,69.80000305175781,70.0,70.5,1328500.0,65.54894256591797,PCAR
2019-04-15,70.8499984741211,70.19999694824219,70.58999633789062,70.36000061035156,1141400.0,65.41878509521484,PCAR
2019-04-16,71.55000305175781,69.91000366210938,70.51000213623047,71.43000030517578,1641400.0,66.41362762451172,PCAR
2019-04-17,72.20999908447266,71.08000183105469,71.66000366210938,71.12000274658203,1205000.0,66.12540435791016,PCAR
2019-04-18,71.94999694824219,71.22000122070312,71.7300033569336,71.44000244140625,2353100.0,66.42293548583984,PCAR
2019-04-22,71.31999969482422,70.08000183105469,71.08000183105469,71.12999725341797,936300.0,66.13468933105469,PCAR
2019-04-23,71.62000274658203,70.5,71.01000213623047,71.18000030517578,1346200.0,66.18119049072266,PCAR
2019-04-24,71.70999908447266,70.69999694824219,71.08000183105469,71.4800033569336,1359900.0,66.46012115478516,PCAR
2019-04-25,70.80000305175781,69.95999908447266,70.80000305175781,70.16000366210938,1314100.0,65.2328109741211,PCAR
2019-04-26,71.02999877929688,70.12000274658203,70.43000030517578,70.95999908447266,2054400.0,65.97663116455078,PCAR
2019-04-29,71.37999725341797,70.72000122070312,71.0,71.31999969482422,1836800.0,66.31134796142578,PCAR
2019-04-30,73.0,69.83999633789062,72.0,71.66999816894531,3733000.0,66.63677978515625,PCAR
2019-05-01,72.27999877929688,70.83000183105469,71.80000305175781,70.8499984741211,2233000.0,65.87435913085938,PCAR
2019-05-02,71.08999633789062,69.95999908447266,70.87999725341797,70.19000244140625,2147200.0,65.26070404052734,PCAR
2019-05-03,71.5,70.41000366210938,70.66999816894531,71.37999725341797,1733300.0,66.36714172363281,PCAR
2019-05-06,70.48999786376953,68.93000030517578,70.0,69.43000030517578,2249100.0,64.5540771484375,PCAR
2019-05-07,69.12999725341797,68.06999969482422,68.66000366210938,68.8499984741211,2225400.0,64.01480865478516,PCAR
2019-05-08,69.37999725341797,68.41000366210938,68.81999969482422,68.83999633789062,1515700.0,64.00552368164062,PCAR
2019-05-09,69.18000030517578,67.48999786376953,68.31999969482422,69.01000213623047,1791800.0,64.16358184814453,PCAR
2019-05-10,69.69000244140625,67.75,68.76000213623047,69.51000213623047,1799000.0,64.62846374511719,PCAR
2019-05-13,68.22000122070312,67.0199966430664,67.87999725341797,67.63999938964844,2124200.0,63.18065643310547,PCAR
2019-05-14,68.9800033569336,67.5199966430664,67.73999786376953,68.70999908447266,1585100.0,64.18011474609375,PCAR
2019-05-15,69.45999908447266,67.7699966430664,68.0199966430664,69.16999816894531,1512600.0,64.60978698730469,PCAR
2019-05-16,70.38999938964844,69.44000244140625,69.47000122070312,69.88999938964844,1063200.0,65.28231811523438,PCAR
2019-05-17,70.1500015258789,68.9000015258789,69.48999786376953,69.23999786376953,1503500.0,64.67516326904297,PCAR
2019-05-20,70.06999969482422,68.30999755859375,68.7699966430664,69.31999969482422,1534100.0,64.7499008178711,PCAR
2019-05-21,70.23999786376953,69.1500015258789,69.83999633789062,70.1500015258789,1201200.0,65.5251693725586,PCAR
2019-05-22,70.05000305175781,68.16000366210938,69.94000244140625,68.18000030517578,1555400.0,63.68505859375,PCAR
2019-05-23,67.88999938964844,66.62999725341797,67.48999786376953,67.05999755859375,2344500.0,62.638893127441406,PCAR
2019-05-24,67.62000274658203,67.0199966430664,67.4800033569336,67.55999755859375,1143200.0,63.105926513671875,PCAR
2019-05-28,68.29000091552734,67.08999633789062,67.70999908447266,67.0999984741211,1748800.0,62.6762580871582,PCAR
2019-05-29,67.58999633789062,66.33000183105469,66.56999969482422,67.51000213623047,1535100.0,63.059226989746094,PCAR
2019-05-30,68.37999725341797,67.62000274658203,67.62000274658203,68.04000091552734,923400.0,63.55429458618164,PCAR
2019-05-31,67.05999755859375,65.77999877929688,66.48999786376953,65.81999969482422,1779900.0,61.48064422607422,PCAR
2019-06-03,66.73999786376953,65.83999633789062,65.9800033569336,66.2300033569336,1775000.0,61.86362075805664,PCAR
2019-06-04,68.6500015258789,66.61000061035156,66.76000213623047,68.62000274658203,1801600.0,64.09603881835938,PCAR
2019-06-05,69.6500015258789,68.16000366210938,68.98999786376953,69.13999938964844,1700000.0,64.5817642211914,PCAR
2019-06-06,69.80000305175781,68.66000366210938,69.08999633789062,69.73999786376953,1135600.0,65.14219665527344,PCAR
2019-06-07,70.79000091552734,69.5999984741211,70.12999725341797,70.22000122070312,1152700.0,65.5905532836914,PCAR
2019-06-10,70.86000061035156,69.91999816894531,70.4800033569336,70.19999694824219,1212200.0,65.5718765258789,PCAR
2019-06-11,71.0999984741211,69.75,70.75,69.79000091552734,1357300.0,65.18893432617188,PCAR
2019-06-12,70.0,69.44000244140625,69.77999877929688,69.81999969482422,897000.0,65.21693420410156,PCAR
2019-06-13,70.29000091552734,69.5999984741211,69.88999938964844,69.97000122070312,832500.0,65.35704040527344,PCAR
2019-06-14,70.30000305175781,69.22000122070312,70.0,70.0199966430664,838000.0,65.40374755859375,PCAR
2019-06-17,70.13999938964844,69.11000061035156,69.93000030517578,69.23999786376953,849100.0,64.67516326904297,PCAR
2019-06-18,71.48999786376953,69.63999938964844,69.81999969482422,70.98999786376953,1208100.0,66.30979919433594,PCAR
2019-06-19,71.41000366210938,70.5,71.0,71.19999694824219,1178600.0,66.50595092773438,PCAR
2019-06-20,72.38999938964844,71.58000183105469,72.04000091552734,72.2300033569336,1276400.0,67.4680404663086,PCAR
2019-06-21,72.47000122070312,71.30000305175781,72.06999969482422,71.33999633789062,1796000.0,66.63671875,PCAR
2019-06-24,72.01000213623047,71.0,71.2300033569336,71.4000015258789,839800.0,66.69276428222656,PCAR
2019-06-25,71.88999938964844,71.05999755859375,71.55999755859375,71.30000305175781,1088300.0,66.59935760498047,PCAR
2019-06-26,71.87999725341797,70.76000213623047,71.55999755859375,70.91000366210938,1157400.0,66.23507690429688,PCAR
2019-06-27,71.33000183105469,70.26000213623047,71.0,70.69000244140625,1167400.0,66.0295639038086,PCAR
2019-06-28,71.86000061035156,70.62999725341797,70.94000244140625,71.66000366210938,2644100.0,66.93562316894531,PCAR
2019-07-01,72.86000061035156,71.36000061035156,72.62999725341797,72.23999786376953,1655800.0,67.47737884521484,PCAR
2019-07-02,71.80999755859375,70.9800033569336,71.06999969482422,71.3499984741211,1409500.0,66.64604949951172,PCAR
2019-07-03,71.73999786376953,70.63999938964844,71.51000213623047,71.19999694824219,796500.0,66.50595092773438,PCAR
2019-07-05,70.91999816894531,69.37000274658203,70.91999816894531,70.61000061035156,1298800.0,65.95484161376953,PCAR
2019-07-08,70.91000366210938,70.2300033569336,70.36000061035156,70.66000366210938,1124300.0,66.00154876708984,PCAR
2019-07-09,70.72000122070312,70.12999725341797,70.44999694824219,70.62999725341797,1274900.0,65.97352600097656,PCAR
2019-07-10,71.4800033569336,70.22000122070312,70.9800033569336,70.51000213623047,1286800.0,65.86144256591797,PCAR
2019-07-11,70.83999633789062,69.88999938964844,70.55000305175781,70.77999877929688,1055800.0,66.1136474609375,PCAR
2019-07-12,72.18000030517578,71.08999633789062,71.08999633789062,72.12999725341797,1284000.0,67.37464141845703,PCAR
2019-07-15,72.41000366210938,70.70999908447266,72.16000366210938,71.5,1833800.0,66.78617095947266,PCAR
2019-07-16,72.68000030517578,71.12999725341797,71.51000213623047,72.56999969482422,1707900.0,67.78562927246094,PCAR
2019-07-17,72.52999877929688,70.13999938964844,72.52999877929688,70.13999938964844,1996800.0,65.51583099365234,PCAR
2019-07-18,70.16999816894531,68.26000213623047,70.0199966430664,69.08000183105469,2424500.0,64.52571105957031,PCAR
2019-07-19,70.25,69.08000183105469,69.58999633789062,69.33000183105469,2923200.0,64.75923919677734,PCAR
2019-07-22,70.13999938964844,68.98999786376953,69.52999877929688,69.16000366210938,2302600.0,64.60044860839844,PCAR
2019-07-23,69.76000213623047,67.0,67.01000213623047,69.2300033569336,3492200.0,64.66582489013672,PCAR
2019-07-24,72.41000366210938,69.36000061035156,69.36000061035156,72.13999938964844,2505900.0,67.38397979736328,PCAR
2019-07-25,72.43000030517578,70.97000122070312,72.43000030517578,71.66999816894531,1710800.0,66.9449691772461,PCAR
2019-07-26,72.04000091552734,70.9000015258789,71.62999725341797,71.66999816894531,1471300.0,66.9449691772461,PCAR
2019-07-29,72.30999755859375,71.36000061035156,71.70999908447266,71.51000213623047,1219000.0,66.79552459716797,PCAR
2019-07-30,71.02999877929688,69.19999694824219,70.54000091552734,70.97000122070312,1241800.0,66.2911148071289,PCAR
2019-07-31,71.36000061035156,69.41000366210938,70.94000244140625,70.13999938964844,2056200.0,65.51583099365234,PCAR
2019-08-01,70.88999938964844,67.79000091552734,70.04000091552734,68.13999938964844,1766500.0,63.64768600463867,PCAR
2019-08-02,68.26000213623047,66.33000183105469,68.08000183105469,67.22000122070312,2206300.0,62.78833770751953,PCAR
2019-08-05,66.55000305175781,63.95000076293945,66.16000366210938,64.43000030517578,2733300.0,60.182281494140625,PCAR
2019-08-06,65.86000061035156,64.68000030517578,64.70999908447266,65.52999877929688,1841500.0,61.20976257324219,PCAR
2019-08-07,65.4800033569336,64.01000213623047,64.54000091552734,65.26000213623047,1730100.0,60.95756530761719,PCAR
2019-08-08,66.54000091552734,65.45999908447266,65.45999908447266,66.5,1316000.0,62.115814208984375,PCAR
2019-08-09,66.16999816894531,64.69000244140625,66.16999816894531,65.20999908447266,1294600.0,60.91085433959961,PCAR
2019-08-12,65.13999938964844,64.31999969482422,64.69000244140625,64.77999877929688,1561900.0,60.50920104980469,PCAR
2019-08-13,67.44999694824219,64.06999969482422,64.2699966430664,66.33999633789062,1837900.0,62.273963928222656,PCAR
2019-08-14,65.41999816894531,63.220001220703125,65.1500015258789,63.34000015258789,1848000.0,59.45785140991211,PCAR
2019-08-15,64.02999877929688,63.09000015258789,63.5099983215332,63.70000076293945,1221500.0,59.7957878112793,PCAR
2019-08-16,64.88999938964844,63.90999984741211,64.26000213623047,64.4800033569336,1477600.0,60.52798843383789,PCAR
2019-08-19,65.97000122070312,64.63999938964844,65.69000244140625,64.87999725341797,1184800.0,60.90346908569336,PCAR
2019-08-20,65.08000183105469,64.16999816894531,64.80999755859375,64.37999725341797,1777100.0,60.434112548828125,PCAR
2019-08-21,65.45999908447266,64.70999908447266,65.04000091552734,65.04000091552734,1098500.0,61.05366516113281,PCAR
2019-08-22,65.87999725341797,64.19000244140625,65.2300033569336,64.44000244140625,1247200.0,60.49043273925781,PCAR
2019-08-23,64.38999938964844,62.130001068115234,64.08999633789062,62.529998779296875,1747500.0,58.69749450683594,PCAR
2019-08-26,63.54999923706055,62.40999984741211,63.31999969482422,63.189998626708984,1279100.0,59.317039489746094,PCAR
2019-08-27,64.18000030517578,63.22999954223633,63.689998626708984,63.43000030517578,1311000.0,59.542335510253906,PCAR
2019-08-28,64.27999877929688,62.56999969482422,63.150001525878906,63.88999938964844,2414000.0,59.974143981933594,PCAR
2019-08-29,65.48999786376953,64.37999725341797,64.75,65.37999725341797,2216000.0,61.37281799316406,PCAR
2019-08-30,66.33000183105469,65.26000213623047,65.80999755859375,65.55999755859375,1750600.0,61.54179000854492,PCAR
2019-09-03,65.44999694824219,63.540000915527344,65.08000183105469,64.23999786376953,2178600.0,60.30268478393555,PCAR
2019-09-04,65.7300033569336,64.72000122070312,64.94000244140625,65.45999908447266,1878600.0,61.44792556762695,PCAR
2019-09-05,68.5999984741211,66.30999755859375,66.30999755859375,68.19999694824219,2514900.0,64.01997375488281,PCAR
2019-09-06,69.12999725341797,68.13999938964844,68.66999816894531,68.33999633789062,1599800.0,64.15139770507812,PCAR
2019-09-09,70.66999816894531,68.43000030517578,68.69999694824219,70.47000122070312,2030100.0,66.15084075927734,PCAR
2019-09-10,72.02999877929688,70.20999908447266,70.43000030517578,71.91000366210938,2171200.0,67.5025863647461,PCAR
2019-09-11,72.43000030517578,70.51000213623047,71.56999969482422,72.31999969482422,2093200.0,67.88746643066406,PCAR
2019-09-12,72.0,70.69999694824219,72.0,71.19000244140625,1889400.0,66.82672882080078,PCAR
2019-09-13,72.05999755859375,70.37999725341797,71.80000305175781,71.52999877929688,1122500.0,67.14588928222656,PCAR
2019-09-16,71.4000015258789,70.75,71.02999877929688,70.94999694824219,1010500.0,66.6014175415039,PCAR
2019-09-17,71.04000091552734,69.88999938964844,70.91000366210938,70.88999938964844,1452800.0,66.54511260986328,PCAR
2019-09-18,70.86000061035156,69.9800033569336,70.72000122070312,70.75,1077500.0,66.41368865966797,PCAR
2019-09-19,71.94000244140625,70.29000091552734,71.94000244140625,70.3499984741211,1192200.0,66.03820037841797,PCAR
2019-09-20,71.3499984741211,70.11000061035156,70.25,70.31999969482422,2261800.0,66.01004791259766,PCAR
2019-09-23,70.97000122070312,69.05999755859375,69.75,70.37999725341797,1289000.0,66.06635284423828,PCAR
2019-09-24,70.69999694824219,67.80999755859375,70.41999816894531,68.19000244140625,2866300.0,64.01060485839844,PCAR
2019-09-25,68.66000366210938,67.33999633789062,68.19000244140625,68.41000366210938,3289000.0,64.21710968017578,PCAR
2019-09-26,68.80000305175781,67.77999877929688,67.77999877929688,68.76000213623047,1383900.0,64.54566192626953,PCAR
2019-09-27,69.47000122070312,68.29000091552734,68.8499984741211,69.01000213623047,1304100.0,64.78032684326172,PCAR
2019-09-30,70.22000122070312,69.0199966430664,69.44000244140625,70.01000213623047,1500900.0,65.71904754638672,PCAR
2019-10-01,70.87999725341797,67.16000366210938,70.13999938964844,67.54000091552734,1975600.0,63.40043258666992,PCAR
2019-10-02,67.20999908447266,65.58999633789062,67.18000030517578,66.22000122070312,1792300.0,62.161338806152344,PCAR
2019-10-03,67.0,65.16999816894531,66.19000244140625,66.98999786376953,1473900.0,62.88414001464844,PCAR
2019-10-04,67.94000244140625,66.83999633789062,66.94000244140625,67.83999633789062,1096300.0,63.682037353515625,PCAR
2019-10-07,68.66999816894531,67.05000305175781,67.51000213623047,67.7300033569336,1479900.0,63.57878875732422,PCAR
2019-10-08,67.38999938964844,66.30999755859375,66.81999969482422,66.55999755859375,1479100.0,62.48049545288086,PCAR
2019-10-09,67.29000091552734,66.18000030517578,67.27999877929688,66.88999938964844,1279200.0,62.79026794433594,PCAR
2019-10-10,68.08999633789062,66.98999786376953,67.47000122070312,67.31999969482422,1092200.0,63.193912506103516,PCAR
2019-10-11,69.87000274658203,68.51000213623047,68.51000213623047,69.0999984741211,2574100.0,64.86482238769531,PCAR
2019-10-14,69.58999633789062,68.27999877929688,68.66000366210938,69.4800033569336,1505000.0,65.22152709960938,PCAR
2019-10-15,70.70999908447266,68.79000091552734,69.08999633789062,70.3499984741211,1421300.0,66.03820037841797,PCAR
2019-10-16,70.86000061035156,69.83999633789062,70.12999725341797,70.06999969482422,1630800.0,65.7753677368164,PCAR
2019-10-17,70.9000015258789,70.06999969482422,70.5,70.77999877929688,1698800.0,66.44185638427734,PCAR
2019-10-18,72.41999816894531,70.30000305175781,70.87000274658203,72.04000091552734,2584600.0,67.62461853027344,PCAR
2019-10-21,74.44999694824219,72.48999786376953,72.54000091552734,73.0,3501500.0,68.52579498291016,PCAR
2019-10-22,76.38999938964844,73.0,74.05000305175781,76.37000274658203,4237700.0,71.68923950195312,PCAR
2019-10-23,76.0,74.30000305175781,75.36000061035156,75.11000061035156,2936800.0,70.5064697265625,PCAR
2019-10-24,75.62000274658203,74.16000366210938,75.37999725341797,75.30000305175781,1829700.0,70.684814453125,PCAR
2019-10-25,77.18000030517578,75.13999938964844,75.27999877929688,76.9000015258789,1918500.0,72.1867446899414,PCAR
2019-10-28,77.80000305175781,76.93000030517578,76.98999786376953,77.51000213623047,1490900.0,72.75936889648438,PCAR
2019-10-29,77.66000366210938,76.41000366210938,77.0199966430664,77.31999969482422,1718400.0,72.58101654052734,PCAR
2019-10-30,76.80999755859375,75.8499984741211,76.25,76.47000122070312,1792900.0,71.7831039428711,PCAR
2019-10-31,76.47000122070312,74.7699966430664,76.12999725341797,76.05999755859375,2332200.0,71.39823150634766,PCAR
2019-11-01,78.06999969482422,76.05999755859375,76.43000030517578,78.05000305175781,2201700.0,73.26626586914062,PCAR
2019-11-04,79.41999816894531,78.11000061035156,78.38999938964844,79.30000305175781,1847900.0,74.43965148925781,PCAR
2019-11-05,80.36000061035156,78.58999633789062,79.36000061035156,79.66999816894531,1942800.0,74.7869644165039,PCAR
2019-11-06,79.79000091552734,78.52999877929688,79.44999694824219,79.68000030517578,1294900.0,74.7963638305664,PCAR
2019-11-07,80.56999969482422,79.56999969482422,80.0,79.87000274658203,1860400.0,74.97471618652344,PCAR
2019-11-08,80.11000061035156,79.12000274658203,79.3499984741211,80.06999969482422,1099900.0,75.4648208618164,PCAR
2019-11-11,80.1500015258789,79.43000030517578,79.58000183105469,79.91999816894531,842600.0,75.32344055175781,PCAR
2019-11-12,79.9800033569336,79.27999877929688,79.91000366210938,79.43000030517578,1201700.0,74.86161804199219,PCAR
2019-11-13,79.29000091552734,78.23999786376953,79.12999725341797,79.13999938964844,1311900.0,74.58830261230469,PCAR
2019-11-14,80.27999877929688,79.25,80.27999877929688,79.52999877929688,1177400.0,74.95585632324219,PCAR
2019-11-15,80.4800033569336,79.69000244140625,80.25,80.22000122070312,1294500.0,75.6061782836914,PCAR
2019-11-18,80.16999816894531,79.19999694824219,79.54000091552734,80.02999877929688,1121900.0,75.42711639404297,PCAR
2019-11-19,80.30000305175781,79.01000213623047,79.93000030517578,79.43000030517578,1090800.0,74.86161804199219,PCAR
2019-11-20,79.45999908447266,78.37999725341797,79.0,78.8499984741211,1036200.0,74.31497192382812,PCAR
2019-11-21,80.0,78.9800033569336,79.2699966430664,79.79000091552734,1562800.0,75.200927734375,PCAR
2019-11-22,80.5,79.73999786376953,79.9800033569336,80.44000244140625,1025000.0,75.81352996826172,PCAR
2019-11-25,81.68000030517578,80.18000030517578,80.69000244140625,81.5199966430664,1382000.0,76.83140563964844,PCAR
2019-11-26,81.83000183105469,80.93000030517578,81.63999938964844,81.77999877929688,1451900.0,77.07646179199219,PCAR
2019-11-27,82.25,81.0,81.66999816894531,82.16000366210938,1113700.0,77.43460845947266,PCAR
2019-11-29,82.01000213623047,81.27999877929688,81.5999984741211,81.37000274658203,843800.0,76.6900405883789,PCAR
2019-12-02,81.98999786376953,80.6500015258789,81.75,80.69999694824219,1464300.0,76.0585708618164,PCAR
2019-12-03,80.22000122070312,78.87999725341797,79.61000061035156,80.08999633789062,1659300.0,75.4836654663086,PCAR
2019-12-04,80.98999786376953,79.83999633789062,80.33000183105469,79.83999633789062,1343900.0,75.24803924560547,PCAR
2019-12-05,80.2699966430664,79.55000305175781,80.02999877929688,80.11000061035156,1583300.0,75.50251007080078,PCAR
2019-12-06,81.55000305175781,80.9800033569336,81.06999969482422,81.12000274658203,909800.0,76.45442199707031,PCAR
2019-12-09,81.19000244140625,80.58999633789062,81.08000183105469,81.06999969482422,923100.0,76.40729522705078,PCAR
2019-12-10,81.36000061035156,80.52999877929688,81.08000183105469,81.19999694824219,1411700.0,76.52981567382812,PCAR
2019-12-11,81.81999969482422,81.02999877929688,81.5,81.4000015258789,1148300.0,76.71830749511719,PCAR
2019-12-12,83.18000030517578,81.19000244140625,81.41999816894531,82.94999694824219,1646200.0,78.17916107177734,PCAR
2019-12-13,83.2699966430664,81.55999755859375,82.63999938964844,82.01000213623047,1446300.0,77.29322814941406,PCAR
2019-12-16,83.41000366210938,82.5999984741211,82.75,82.81999969482422,1911500.0,78.05665588378906,PCAR
2019-12-17,83.11000061035156,82.05999755859375,82.73999786376953,82.1500015258789,2304300.0,77.42518615722656,PCAR
2019-12-18,82.75,81.86000061035156,82.18000030517578,82.62000274658203,1784400.0,77.8681411743164,PCAR
2019-12-19,80.87000274658203,79.4000015258789,80.6500015258789,79.69000244140625,1707900.0,77.25737762451172,PCAR
2019-12-20,80.26000213623047,79.19000244140625,80.2300033569336,80.16999816894531,5134500.0,77.72272491455078,PCAR
2019-12-23,80.44999694824219,79.37999725341797,79.95999908447266,79.55000305175781,1151700.0,77.12165069580078,PCAR
2019-12-24,79.5999984741211,79.08999633789062,79.58999633789062,79.48999786376953,330300.0,77.06348419189453,PCAR
2019-12-26,79.66999816894531,78.88999938964844,79.61000061035156,79.51000213623047,513200.0,77.0828628540039,PCAR
2019-12-27,79.83999633789062,79.19999694824219,79.75,79.41000366210938,692400.0,76.98593139648438,PCAR
2019-12-30,79.45999908447266,78.5999984741211,79.31999969482422,78.97000122070312,784900.0,76.55936431884766,PCAR
2019-12-31,79.52999877929688,78.70999908447266,79.0999984741211,79.0999984741211,1046000.0,76.68537902832031,PCAR
2020-01-02,79.66000366210938,78.62999725341797,79.19000244140625,79.51000213623047,1731400.0,77.0828628540039,PCAR
2020-01-03,78.83000183105469,77.66999816894531,78.30999755859375,78.7300033569336,1604700.0,76.32669067382812,PCAR
2020-01-06,78.5199966430664,77.41999816894531,78.2699966430664,78.44000244140625,1798800.0,76.04553985595703,PCAR
2020-01-07,78.11000061035156,77.27999877929688,77.80999755859375,77.91999816894531,1740800.0,75.54141235351562,PCAR
2020-01-08,79.20999908447266,77.25,78.23999786376953,78.95999908447266,1832900.0,76.54965209960938,PCAR
2020-01-09,79.16000366210938,77.58000183105469,78.83999633789062,78.44999694824219,1832400.0,76.05522918701172,PCAR
2020-01-10,78.73999786376953,77.72000122070312,78.56999969482422,77.80999755859375,1205600.0,75.43476867675781,PCAR
2020-01-13,78.12000274658203,77.4000015258789,77.91999816894531,78.05999755859375,1083200.0,75.67713928222656,PCAR
2020-01-14,78.9800033569336,78.05000305175781,78.70999908447266,78.19999694824219,1439400.0,75.81285858154297,PCAR
2020-01-15,78.04000091552734,77.25,77.88999938964844,77.45999908447266,1463900.0,75.09545135498047,PCAR
2020-01-16,78.56999969482422,77.44000244140625,77.91000366210938,78.55999755859375,1330300.0,76.16187286376953,PCAR
2020-01-17,79.23999786376953,78.2300033569336,78.79000091552734,78.5199966430664,1721500.0,76.12309265136719,PCAR
2020-01-21,78.4800033569336,77.26000213623047,78.4800033569336,77.54000091552734,1527900.0,75.17300415039062,PCAR
2020-01-22,77.9000015258789,76.83000183105469,77.87000274658203,76.94000244140625,991200.0,74.5913314819336,PCAR
2020-01-23,77.7699966430664,75.69000244140625,76.72000122070312,77.5999984741211,1201700.0,75.2311782836914,PCAR
2020-01-24,77.26000213623047,76.2300033569336,77.2300033569336,76.79000091552734,1540700.0,74.44590759277344,PCAR
2020-01-27,75.86000061035156,74.8499984741211,75.31999969482422,75.16999816894531,2368300.0,72.87535095214844,PCAR
2020-01-28,77.54000091552734,74.97000122070312,76.33999633789062,76.7699966430664,3210700.0,74.426513671875,PCAR
2020-01-29,78.08000183105469,75.97000122070312,77.2300033569336,76.11000061035156,2386300.0,73.78665924072266,PCAR
2020-01-30,76.1500015258789,74.9800033569336,75.51000213623047,76.05999755859375,2065000.0,73.7381820678711,PCAR
2020-01-31,75.51000213623047,73.86000061035156,75.47000122070312,74.20999908447266,3312400.0,71.94465637207031,PCAR
2020-02-03,75.5,74.12999725341797,74.87999725341797,74.33999633789062,2567400.0,72.07069396972656,PCAR
2020-02-04,76.31999969482422,75.33999633789062,75.62000274658203,76.18000030517578,2474700.0,73.85453033447266,PCAR
2020-02-05,78.16999816894531,76.97000122070312,77.23999786376953,77.98999786376953,1988100.0,75.60926818847656,PCAR
2020-02-06,78.5,77.26000213623047,78.22000122070312,77.58999633789062,1682600.0,75.22148132324219,PCAR
2020-02-07,77.18000030517578,75.2699966430664,77.0999984741211,75.41000366210938,2085000.0,73.10803985595703,PCAR
2020-02-10,75.41999816894531,74.6500015258789,74.79000091552734,75.30999755859375,1598600.0,73.32222747802734,PCAR
2020-02-11,75.9000015258789,75.12999725341797,75.73999786376953,75.66000366210938,1936000.0,73.66299438476562,PCAR
2020-02-12,76.94000244140625,76.0,76.0,76.55999755859375,1861200.0,74.53922271728516,PCAR
2020-02-13,76.29000091552734,74.75,76.01000213623047,74.83000183105469,1985100.0,72.85489654541016,PCAR
2020-02-14,74.87000274658203,74.08999633789062,74.69999694824219,74.73999786376953,2958500.0,72.76726531982422,PCAR
2020-02-18,75.05999755859375,73.88999938964844,74.56999969482422,74.30000305175781,1431400.0,72.33888244628906,PCAR
2020-02-19,74.61000061035156,73.62999725341797,74.37000274658203,74.2300033569336,1129700.0,72.27074432373047,PCAR
2020-02-20,75.6500015258789,74.05000305175781,74.16999816894531,75.54000091552734,1710500.0,73.54615020751953,PCAR
2020-02-21,75.5199966430664,74.55999755859375,75.0,75.36000061035156,1938900.0,73.37091064453125,PCAR
2020-02-24,73.72000122070312,72.36000061035156,73.08999633789062,72.7300033569336,1712200.0,70.81033325195312,PCAR
2020-02-25,73.25,69.75,73.0999984741211,69.98999786376953,2719300.0,68.14264678955078,PCAR
2020-02-26,71.29000091552734,69.12999725341797,70.93000030517578,69.41999816894531,2161600.0,67.58769226074219,PCAR
2020-02-27,69.94000244140625,67.12999725341797,68.4000015258789,67.7699966430664,3333200.0,65.98123931884766,PCAR
2020-02-28,67.51000213623047,65.1500015258789,65.58000183105469,66.9000015258789,4192700.0,65.13420104980469,PCAR
2020-03-02,69.69000244140625,66.26000213623047,67.31999969482422,69.68000030517578,2582700.0,67.8408203125,PCAR
2020-03-03,71.08000183105469,67.23999786376953,69.12000274658203,67.55000305175781,2652300.0,65.76704406738281,PCAR
2020-03-04,69.5199966430664,67.75,68.4800033569336,69.44999694824219,1690000.0,67.61689758300781,PCAR
2020-03-05,67.41000366210938,65.01000213623047,67.2699966430664,65.36000061035156,2276200.0,63.634849548339844,PCAR
2020-03-06,64.9800033569336,62.15999984741211,62.36000061035156,64.55999755859375,2703500.0,62.85595703125,PCAR
2020-03-09,61.95000076293945,59.70000076293945,60.47999954223633,60.90999984741211,3460900.0,59.302310943603516,PCAR
2020-03-10,64.66000366210938,60.970001220703125,62.95000076293945,64.6500015258789,2522500.0,62.943599700927734,PCAR
2020-03-11,63.90999984741211,61.16999816894531,62.439998626708984,62.4900016784668,2515700.0,60.840606689453125,PCAR
2020-03-12,62.81999969482422,57.27000045776367,57.27000045776367,59.209999084472656,4561800.0,57.647178649902344,PCAR
2020-03-13,65.16999816894531,59.400001525878906,61.66999816894531,65.12999725341797,3727600.0,63.41093063354492,PCAR
2020-03-16,63.959999084472656,58.0,58.0099983215332,60.16999816894531,3507500.0,58.58183670043945,PCAR
2020-03-17,61.56999969482422,58.54999923706055,60.439998626708984,59.66999816894531,3574800.0,58.095035552978516,PCAR
2020-03-18,58.38999938964844,53.689998626708984,57.25,55.75,3328800.0,54.27850341796875,PCAR
2020-03-19,58.279998779296875,52.630001068115234,55.220001220703125,56.029998779296875,2982800.0,54.551109313964844,PCAR
2020-03-20,56.380001068115234,52.040000915527344,55.459999084472656,52.29999923706055,3510700.0,50.91956329345703,PCAR
2020-03-23,53.81999969482422,49.11000061035156,52.779998779296875,49.90999984741211,3334000.0,48.59264373779297,PCAR
2020-03-24,57.13999938964844,51.869998931884766,52.2400016784668,57.0,3325400.0,55.49551010131836,PCAR
2020-03-25,60.900001525878906,55.93000030517578,56.560001373291016,58.97999954223633,3117300.0,57.42325210571289,PCAR
2020-03-26,60.97999954223633,57.68000030517578,59.11000061035156,60.45000076293945,2753800.0,58.85444641113281,PCAR
2020-03-27,60.91999816894531,57.75,58.2599983215332,59.4900016784668,1795800.0,57.9197883605957,PCAR
2020-03-30,62.5,58.45000076293945,58.65999984741211,62.27000045776367,2222900.0,60.62641143798828,PCAR
2020-03-31,62.15999984741211,60.02000045776367,60.59000015258789,61.130001068115234,2264500.0,59.516502380371094,PCAR
2020-04-01,60.529998779296875,58.209999084472656,59.22999954223633,60.119998931884766,3168500.0,58.53316116333008,PCAR
2020-04-02,62.06999969482422,59.31999969482422,60.2599983215332,60.869998931884766,2446600.0,59.26335906982422,PCAR
2020-04-03,62.04999923706055,60.47999954223633,61.02000045776367,61.61000061035156,2355600.0,59.983829498291016,PCAR
2020-04-06,65.23999786376953,62.70000076293945,64.45999908447266,64.94000244140625,2626200.0,63.2259407043457,PCAR
2020-04-07,67.66999816894531,65.12999725341797,66.20999908447266,65.52999877929688,2137300.0,63.80036544799805,PCAR
2020-04-08,66.91000366210938,64.97000122070312,65.76000213623047,66.45999908447266,2275700.0,64.70581817626953,PCAR
2020-04-09,68.1500015258789,65.87999725341797,67.0199966430664,67.2699966430664,1989800.0,65.49443054199219,PCAR
2020-04-13,66.88999938964844,65.30000305175781,66.81999969482422,65.93000030517578,2236500.0,64.18981170654297,PCAR
2020-04-14,67.5,65.80000305175781,67.0999984741211,66.80999755859375,2137000.0,65.04658508300781,PCAR
2020-04-15,65.69999694824219,64.69999694824219,65.69999694824219,65.37999725341797,2735700.0,63.654319763183594,PCAR
2020-04-16,67.55000305175781,64.37999725341797,65.27999877929688,66.19000244140625,2482600.0,64.44295501708984,PCAR
2020-04-17,68.97000122070312,66.80999755859375,67.75,67.6500015258789,3657600.0,65.8644027709961,PCAR
2020-04-20,68.5,65.70999908447266,66.94999694824219,67.19999694824219,2384400.0,65.42628479003906,PCAR
2020-04-21,68.98999786376953,64.86000061035156,68.61000061035156,65.72000122070312,2990400.0,63.98534393310547,PCAR
2020-04-22,67.18000030517578,65.12999725341797,66.87000274658203,66.13999938964844,1934800.0,64.3942642211914,PCAR
2020-04-23,67.5,65.9000015258789,66.08000183105469,65.91000366210938,1843700.0,64.17033386230469,PCAR
2020-04-24,67.69999694824219,66.0,66.6500015258789,67.4800033569336,1541300.0,65.69889068603516,PCAR
2020-04-27,69.16000366210938,67.47000122070312,67.69999694824219,68.80999755859375,2443800.0,66.99378204345703,PCAR
2020-04-28,70.97000122070312,69.08000183105469,70.27999877929688,69.16000366210938,2445300.0,67.33455657958984,PCAR
2020-04-29,70.44000244140625,68.94999694824219,70.3499984741211,69.58999633789062,2099900.0,67.75318908691406,PCAR
2020-04-30,69.4800033569336,68.1500015258789,68.9000015258789,69.2300033569336,1962700.0,67.40270233154297,PCAR
2020-05-01,68.72000122070312,67.1500015258789,68.0999984741211,68.29000091552734,2091600.0,66.4875259399414,PCAR
2020-05-04,68.45999908447266,67.04000091552734,68.0,68.37000274658203,1731200.0,66.56541442871094,PCAR
2020-05-05,69.30999755859375,68.04000091552734,68.54000091552734,68.05999755859375,1560300.0,66.26358032226562,PCAR
2020-05-06,68.94999694824219,68.0,68.70999908447266,68.30000305175781,1656700.0,66.49725341796875,PCAR
2020-05-07,69.27999877929688,68.25,68.95999908447266,68.61000061035156,1464600.0,66.79906463623047,PCAR
2020-05-08,69.79000091552734,68.77999877929688,69.2300033569336,69.62000274658203,1587700.0,67.78241729736328,PCAR
2020-05-11,69.33999633789062,68.37999725341797,69.19999694824219,68.83000183105469,1384900.0,67.32270812988281,PCAR
2020-05-12,68.83999633789062,66.81999969482422,67.36000061035156,66.83999633789062,2281600.0,65.37628173828125,PCAR
2020-05-13,67.12000274658203,65.66999816894531,66.37999725341797,66.0,3917600.0,64.55467224121094,PCAR
2020-05-14,66.7699966430664,64.25,64.8499984741211,66.61000061035156,2214000.0,65.15131378173828,PCAR
2020-05-15,67.5999984741211,65.95999908447266,66.3499984741211,66.83000183105469,3713000.0,65.36649322509766,PCAR
2020-05-18,70.13999938964844,68.63999938964844,69.26000213623047,69.97000122070312,2249200.0,68.43773651123047,PCAR
2020-05-19,70.23999786376953,68.48999786376953,69.72000122070312,68.55000305175781,1753200.0,67.04883575439453,PCAR
2020-05-20,69.79000091552734,68.62000274658203,68.69999694824219,69.02999877929688,1960300.0,67.51831817626953,PCAR
2020-05-21,69.20999908447266,68.02999877929688,69.0199966430664,68.19000244140625,1273900.0,66.69672393798828,PCAR
2020-05-22,68.5199966430664,67.51000213623047,67.88999938964844,68.41999816894531,1411600.0,66.92167663574219,PCAR
2020-05-26,72.75,69.5199966430664,69.93000030517578,72.54000091552734,2334400.0,70.95146179199219,PCAR
2020-05-27,75.11000061035156,73.16000366210938,74.06999969482422,75.05999755859375,1846200.0,73.41627502441406,PCAR
2020-05-28,75.5199966430664,73.43000030517578,75.16000366210938,74.01000213623047,1951700.0,72.38926696777344,PCAR
2020-05-29,74.31999969482422,72.70999908447266,73.70999908447266,73.86000061035156,2401300.0,72.2425537109375,PCAR
2020-06-01,74.48999786376953,72.95999908447266,74.05000305175781,73.12000274658203,1195500.0,71.51875305175781,PCAR
2020-06-02,73.51000213623047,72.76000213623047,72.7699966430664,73.43000030517578,1761500.0,71.82196044921875,PCAR
2020-06-03,74.94999694824219,73.80000305175781,73.83000183105469,74.62999725341797,1473300.0,72.99568176269531,PCAR
2020-06-04,75.72000122070312,73.93000030517578,74.2699966430664,75.69000244140625,1315500.0,74.032470703125,PCAR
2020-06-05,78.5999984741211,76.47000122070312,77.05000305175781,77.94999694824219,2516300.0,76.24298858642578,PCAR
2020-06-08,79.3499984741211,77.51000213623047,77.77999877929688,78.83000183105469,1780800.0,77.10371398925781,PCAR
2020-06-09,79.4800033569336,77.48999786376953,77.91999816894531,78.94999694824219,1408900.0,77.22108459472656,PCAR
2020-06-10,78.6500015258789,76.79000091552734,78.52999877929688,76.80000305175781,1967100.0,75.11817169189453,PCAR
2020-06-11,75.38999938964844,72.5199966430664,75.38999938964844,72.58000183105469,2072500.0,70.99058532714844,PCAR
2020-06-12,74.61000061035156,71.3499984741211,74.58999633789062,73.16999816894531,1750400.0,71.56765747070312,PCAR
2020-06-15,73.9000015258789,70.88999938964844,71.37000274658203,73.72000122070312,1346500.0,72.10562133789062,PCAR
2020-06-16,76.48999786376953,73.7300033569336,75.94000244140625,74.51000213623047,1748200.0,72.87831115722656,PCAR
2020-06-17,75.19000244140625,73.97000122070312,74.93000030517578,74.30000305175781,1006500.0,72.67292022705078,PCAR
2020-06-18,75.1500015258789,73.91000366210938,74.62999725341797,74.47000122070312,841700.0,72.83919525146484,PCAR
2020-06-19,75.69000244140625,73.87999725341797,75.38999938964844,74.95999908447266,2694200.0,73.31845092773438,PCAR
2020-06-22,75.01000213623047,73.4800033569336,74.30000305175781,74.72000122070312,962300.0,73.08372497558594,PCAR
2020-06-23,75.80999755859375,74.58999633789062,75.48999786376953,74.7699966430664,1211300.0,73.13262176513672,PCAR
2020-06-24,73.93000030517578,72.19000244140625,73.93000030517578,72.5199966430664,1242700.0,70.931884765625,PCAR
2020-06-25,73.3499984741211,71.61000061035156,72.16999816894531,73.25,1308200.0,71.64591217041016,PCAR
2020-06-26,73.3499984741211,72.11000061035156,72.80999755859375,72.44000244140625,2192300.0,70.85364532470703,PCAR
2020-06-29,74.4800033569336,72.01000213623047,73.5,73.68000030517578,1371200.0,72.06649017333984,PCAR
2020-06-30,75.23999786376953,72.79000091552734,73.04000091552734,74.8499984741211,2016400.0,73.21086120605469,PCAR
2020-07-01,75.62999725341797,74.0,75.55999755859375,74.25,1359900.0,72.62401580810547,PCAR
2020-07-02,77.0999984741211,74.75,75.38999938964844,75.68000030517578,1483000.0,74.02268981933594,PCAR
2020-07-06,77.41000366210938,76.3499984741211,76.98999786376953,77.16000366210938,1985900.0,75.47029113769531,PCAR
2020-07-07,77.02999877929688,75.5999984741211,76.4800033569336,75.7699966430664,1316300.0,74.11072540283203,PCAR
2020-07-08,76.44999694824219,74.9800033569336,75.7699966430664,75.45999908447266,1186700.0,73.80750274658203,PCAR
2020-07-09,75.68000030517578,74.16999816894531,75.12000274658203,74.43000030517578,1389300.0,72.80006408691406,PCAR
2020-07-10,75.5,74.29000091552734,74.36000061035156,75.23999786376953,1406200.0,73.59233856201172,PCAR
2020-07-13,76.66000366210938,74.52999877929688,75.41000366210938,75.63999938964844,1915100.0,73.98357391357422,PCAR
2020-07-14,77.18000030517578,74.83999633789062,75.29000091552734,77.05000305175781,2137900.0,75.36270141601562,PCAR
2020-07-15,79.0,77.27999877929688,78.05000305175781,78.72000122070312,1817100.0,76.9961166381836,PCAR
2020-07-16,79.55999755859375,78.02999877929688,78.1500015258789,79.44999694824219,1770800.0,77.71013641357422,PCAR
2020-07-17,79.9800033569336,78.98999786376953,79.7300033569336,79.43000030517578,3638200.0,77.69056701660156,PCAR
2020-07-20,79.80000305175781,78.51000213623047,79.0,79.68000030517578,2290200.0,77.93510437011719,PCAR
2020-07-21,83.91999816894531,78.91000366210938,79.12000274658203,83.66000366210938,3690200.0,81.82794189453125,PCAR
2020-07-22,86.4000015258789,83.66999816894531,83.83000183105469,85.25,2862100.0,83.38311767578125,PCAR
2020-07-23,86.48999786376953,85.0,85.33000183105469,86.05999755859375,2635300.0,84.17538452148438,PCAR
2020-07-24,87.23999786376953,85.12000274658203,86.5,85.73999786376953,2678700.0,83.86238861083984,PCAR
2020-07-27,86.88999938964844,85.2699966430664,85.73999786376953,85.91999816894531,1586800.0,84.0384521484375,PCAR
2020-07-28,86.62999725341797,85.01000213623047,85.97000122070312,85.44999694824219,1997100.0,83.57874298095703,PCAR
2020-07-29,86.19999694824219,85.01000213623047,85.05999755859375,85.98999786376953,1643800.0,84.1069107055664,PCAR
2020-07-30,85.12999725341797,84.02999877929688,85.12999725341797,84.61000061035156,1238300.0,82.75714111328125,PCAR
2020-07-31,85.08999633789062,83.69999694824219,84.2300033569336,85.08000183105469,1587200.0,83.21684265136719,PCAR
2020-08-03,86.18000030517578,84.75,84.97000122070312,85.61000061035156,1309100.0,83.7352294921875,PCAR
2020-08-04,85.30000305175781,84.5,84.70999908447266,84.91000366210938,1415300.0,83.05057525634766,PCAR
2020-08-05,86.97000122070312,85.0,85.5999984741211,86.9000015258789,1467900.0,84.99699401855469,PCAR
2020-08-06,87.38999938964844,86.52999877929688,86.52999877929688,87.36000061035156,1434900.0,85.4469223022461,PCAR
2020-08-07,88.62999725341797,86.80999755859375,87.05999755859375,88.5999984741211,1361700.0,86.65975952148438,PCAR
2020-08-10,90.63999938964844,87.36000061035156,88.58000183105469,89.8499984741211,2262900.0,88.2009506225586,PCAR
2020-08-11,91.30000305175781,89.80999755859375,90.4800033569336,90.38999938964844,1522800.0,88.73104095458984,PCAR
2020-08-12,90.98999786376953,89.87000274658203,90.61000061035156,90.33000183105469,1575700.0,88.67213439941406,PCAR
2020-08-13,90.0199966430664,88.25,90.0199966430664,88.5,1550100.0,86.87571716308594,PCAR
2020-08-14,89.45999908447266,88.01000213623047,88.5,88.94999694824219,1365600.0,87.31746673583984,PCAR
2020-08-17,89.52999877929688,88.37000274658203,89.25,88.61000061035156,1856700.0,86.98370361328125,PCAR
2020-08-18,89.4800033569336,88.37999725341797,88.95999908447266,88.55999755859375,986500.0,86.93461608886719,PCAR
2020-08-19,89.05000305175781,87.76000213623047,88.45999908447266,88.11000061035156,1402100.0,86.49288177490234,PCAR
2020-08-20,88.3499984741211,86.88999938964844,87.66999816894531,87.18000030517578,984400.0,85.5799560546875,PCAR
2020-08-21,87.44000244140625,86.45999908447266,87.04000091552734,87.0199966430664,1300400.0,85.42288208007812,PCAR
2020-08-24,87.91000366210938,86.69999694824219,87.25,86.9000015258789,1695600.0,85.30509185791016,PCAR
2020-08-25,87.83999633789062,86.16999816894531,87.45999908447266,86.41000366210938,1324600.0,84.82408142089844,PCAR
2020-08-26,87.23999786376953,85.41999816894531,86.06999969482422,86.87000274658203,1103100.0,85.27564239501953,PCAR
2020-08-27,87.55000305175781,85.97000122070312,87.44000244140625,86.33000183105469,1105700.0,84.74554443359375,PCAR
2020-08-28,86.5,85.5199966430664,86.08999633789062,86.48999786376953,1149900.0,84.90261840820312,PCAR
2020-08-31,86.66999816894531,85.69000244140625,85.97000122070312,85.83999633789062,1435600.0,84.26453399658203,PCAR
2020-09-01,87.12999725341797,85.01000213623047,85.9800033569336,87.05000305175781,1730400.0,85.45233154296875,PCAR
2020-09-02,88.19999694824219,87.04000091552734,87.04000091552734,87.87999725341797,1534700.0,86.26709747314453,PCAR
2020-09-03,89.02999877929688,84.79000091552734,88.86000061035156,85.44999694824219,1610600.0,83.88169860839844,PCAR
2020-09-04,86.7699966430664,85.01000213623047,86.38999938964844,85.62000274658203,1490400.0,84.048583984375,PCAR
2020-09-08,85.23999786376953,83.36000061035156,84.81999969482422,83.48999786376953,1752500.0,81.95767211914062,PCAR
2020-09-09,85.51000213623047,83.55000305175781,83.87999725341797,84.95999908447266,2129300.0,83.40069580078125,PCAR
2020-09-10,85.62999725341797,82.36000061035156,84.54000091552734,82.83999633789062,1415800.0,81.31959533691406,PCAR
2020-09-11,84.2300033569336,82.9000015258789,83.05000305175781,83.88999938964844,2842900.0,82.35033416748047,PCAR
2020-09-14,86.58999633789062,84.19999694824219,84.63999938964844,86.36000061035156,1551500.0,84.77499389648438,PCAR
2020-09-15,86.9800033569336,85.66000366210938,86.38999938964844,85.7699966430664,1743000.0,84.1958236694336,PCAR
2020-09-16,87.29000091552734,85.8499984741211,86.7699966430664,86.41999816894531,1328800.0,84.83389282226562,PCAR
2020-09-17,86.9000015258789,84.2300033569336,85.04000091552734,85.86000061035156,1621700.0,84.28417205810547,PCAR
2020-09-18,86.23999786376953,83.9800033569336,85.94000244140625,84.23999786376953,2237100.0,82.69390869140625,PCAR
2020-09-21,83.58000183105469,80.36000061035156,83.41000366210938,81.86000061035156,1665800.0,80.35758972167969,PCAR
2020-09-22,83.16999816894531,80.97000122070312,81.4800033569336,82.33999633789062,1342500.0,80.82878112792969,PCAR
2020-09-23,83.55000305175781,81.16999816894531,82.58000183105469,81.61000061035156,1465700.0,80.1121826171875,PCAR
2020-09-24,83.19999694824219,80.41000366210938,81.25,82.16000366210938,1093800.0,80.65209197998047,PCAR
2020-09-25,84.0999984741211,81.80999755859375,82.54000091552734,83.52999877929688,1192900.0,81.99694061279297,PCAR
2020-09-28,86.6500015258789,84.66999816894531,84.66999816894531,86.55000305175781,1588300.0,84.96151733398438,PCAR
2020-09-29,87.19999694824219,85.77999877929688,86.26000213623047,86.1500015258789,1120000.0,84.56885528564453,PCAR
2020-09-30,87.69999694824219,84.68000030517578,86.52999877929688,85.27999877929688,1984600.0,83.71481323242188,PCAR
2020-10-01,86.22000122070312,83.55999755859375,86.01000213623047,84.48999786376953,1136000.0,82.93931579589844,PCAR
2020-10-02,85.83999633789062,82.8499984741211,83.55000305175781,84.98999786376953,1038900.0,83.43013763427734,PCAR
2020-10-05,88.43000030517578,85.68000030517578,85.93000030517578,88.08999633789062,1195900.0,86.4732437133789,PCAR
2020-10-06,89.8499984741211,87.44999694824219,88.08000183105469,87.68000030517578,1253200.0,86.0707778930664,PCAR
2020-10-07,90.0,88.37000274658203,88.7699966430664,89.88999938964844,1060100.0,88.24021911621094,PCAR
2020-10-08,89.95999908447266,88.0,89.61000061035156,89.94000244140625,779500.0,88.28929138183594,PCAR
2020-10-09,90.95999908447266,88.83000183105469,90.0,89.22000122070312,1837600.0,87.58250427246094,PCAR
2020-10-12,90.2699966430664,89.12999725341797,90.22000122070312,89.77999877929688,1746300.0,88.13223266601562,PCAR
2020-10-13,89.9000015258789,87.5999984741211,88.94000244140625,88.54000091552734,1667100.0,86.91499328613281,PCAR
2020-10-14,90.0,88.26000213623047,88.26000213623047,88.97000122070312,1182800.0,87.33708953857422,PCAR
2020-10-15,89.23999786376953,87.86000061035156,87.9800033569336,89.16000366210938,928000.0,87.52361297607422,PCAR
2020-10-16,91.33000183105469,87.94999694824219,89.61000061035156,89.94000244140625,1918200.0,88.28929138183594,PCAR
2020-10-19,91.5999984741211,89.97000122070312,89.97000122070312,91.05999755859375,2596200.0,89.38873291015625,PCAR
2020-10-20,92.0,89.0,91.37999725341797,90.33999633789062,3928900.0,88.68195343017578,PCAR
2020-10-21,91.77999877929688,90.0199966430664,90.08999633789062,90.91000366210938,2538600.0,89.24148559570312,PCAR
2020-10-22,92.4800033569336,90.5999984741211,92.0199966430664,91.69000244140625,1730100.0,90.0071792602539,PCAR
2020-10-23,92.95999908447266,91.73999786376953,92.06999969482422,92.63999938964844,1556400.0,90.93974304199219,PCAR
2020-10-26,91.41999816894531,89.48999786376953,91.26000213623047,90.56999969482422,1896800.0,88.9077377319336,PCAR
2020-10-27,91.38999938964844,88.37000274658203,90.76000213623047,88.44999694824219,1339600.0,86.8266372680664,PCAR
2020-10-28,87.5199966430664,84.88999938964844,86.79000091552734,84.88999938964844,1855100.0,83.33197784423828,PCAR
2020-10-29,86.58000183105469,84.22000122070312,84.6500015258789,85.66999816894531,1261700.0,84.09766387939453,PCAR
2020-10-30,85.87999725341797,84.37000274658203,85.05000305175781,85.37999725341797,1357800.0,83.81298828125,PCAR
2020-11-02,88.91000366210938,86.37999725341797,86.6500015258789,88.83000183105469,1498700.0,87.19966888427734,PCAR
2020-11-03,92.33000183105469,89.52999877929688,90.08999633789062,91.77999877929688,1640900.0,90.09552001953125,PCAR
2020-11-04,93.30000305175781,88.61000061035156,92.72000122070312,88.75,1521400.0,87.12113189697266,PCAR
2020-11-05,91.30999755859375,88.08999633789062,89.19999694824219,90.61000061035156,1218500.0,88.94700622558594,PCAR
2020-11-06,91.62999725341797,89.66999816894531,91.62999725341797,90.08999633789062,1131200.0,88.43653869628906,PCAR
2020-11-09,95.81999969482422,90.43000030517578,95.0,90.5999984741211,2453700.0,89.25421905517578,PCAR
2020-11-10,92.61000061035156,89.69000244140625,89.88999938964844,91.12000274658203,2024800.0,89.76649475097656,PCAR
2020-11-11,91.88999938964844,89.62000274658203,91.73999786376953,90.16999816894531,1495100.0,88.83059692382812,PCAR
2020-11-12,90.1500015258789,88.41999816894531,89.75,88.98999786376953,1322800.0,87.66812896728516,PCAR
2020-11-13,90.18000030517578,89.02999877929688,89.83000183105469,89.91000366210938,1271100.0,88.57447052001953,PCAR
2020-11-16,91.26000213623047,88.0,90.5999984741211,89.91999816894531,1385900.0,88.58431243896484,PCAR
2020-11-17,89.38999938964844,88.02999877929688,89.38999938964844,88.81999969482422,1070500.0,87.50065612792969,PCAR
2020-11-18,90.94999694824219,88.38999938964844,89.44000244140625,89.83999633789062,1033000.0,88.50550079345703,PCAR
2020-11-19,90.2300033569336,88.0199966430664,89.27999877929688,90.04000091552734,1022200.0,88.70252990722656,PCAR
2020-11-20,89.80000305175781,87.76000213623047,88.1500015258789,88.77999877929688,1660300.0,87.46125030517578,PCAR
2020-11-23,90.7300033569336,88.5,90.7300033569336,89.55999755859375,1144200.0,88.22966003417969,PCAR
2020-11-24,90.81999969482422,88.83000183105469,88.83000183105469,90.41000366210938,1978100.0,89.0670394897461,PCAR
2020-11-25,90.7699966430664,88.55000305175781,90.58999633789062,88.81999969482422,1304700.0,87.50065612792969,PCAR
2020-11-27,89.68000030517578,87.56999969482422,88.8499984741211,87.73999786376953,590400.0,86.43669128417969,PCAR
2020-11-30,87.9000015258789,86.37000274658203,87.23999786376953,87.05999755859375,2093100.0,85.76679992675781,PCAR
2020-12-01,88.87999725341797,87.26000213623047,87.94999694824219,87.27999877929688,1420000.0,85.98352813720703,PCAR
2020-12-02,88.0,86.5199966430664,87.0,87.1500015258789,1260800.0,85.85546875,PCAR
2020-12-03,87.55000305175781,86.08000183105469,87.08999633789062,86.25,2070300.0,84.96883392333984,PCAR
2020-12-04,87.38999938964844,85.69999694824219,86.33000183105469,86.69999694824219,2042700.0,85.41213989257812,PCAR
2020-12-07,86.80999755859375,85.75,86.41000366210938,86.30999755859375,1571900.0,85.02793884277344,PCAR
2020-12-08,86.86000061035156,86.11000061035156,86.16000366210938,86.41000366210938,885200.0,85.12645721435547,PCAR
2020-12-09,87.58999633789062,86.11000061035156,86.41000366210938,87.37999725341797,1717600.0,86.08204650878906,PCAR
2020-12-10,87.13999938964844,85.51000213623047,86.73999786376953,85.75,1035800.0,84.47625732421875,PCAR
2020-12-11,85.93000030517578,84.68000030517578,84.91999816894531,85.45999908447266,1131800.0,84.19055938720703,PCAR
2020-12-14,86.43000030517578,84.37999725341797,85.66999816894531,84.45999908447266,1089400.0,83.20541381835938,PCAR
2020-12-15,87.5199966430664,85.63999938964844,86.16000366210938,87.29000091552734,1727900.0,85.9933853149414,PCAR
2020-12-16,87.58000183105469,86.5999984741211,86.91999816894531,86.88999938964844,1412700.0,85.59931945800781,PCAR
2020-12-17,86.87000274658203,85.16000366210938,86.4800033569336,85.7699966430664,1704300.0,85.18219757080078,PCAR
2020-12-18,86.56999969482422,85.0,86.2699966430664,86.01000213623047,3717700.0,85.4205551147461,PCAR
2020-12-21,86.18000030517578,84.06999969482422,84.69999694824219,85.8499984741211,1190800.0,85.26165008544922,PCAR
2020-12-22,85.69999694824219,84.66000366210938,85.69000244140625,84.87000274658203,917000.0,84.28836822509766,PCAR
2020-12-23,85.5,84.68000030517578,85.0199966430664,85.08999633789062,951400.0,84.5068588256836,PCAR
2020-12-24,86.19999694824219,85.0,85.4000015258789,86.11000061035156,373000.0,85.5198745727539,PCAR
2020-12-28,86.9800033569336,85.37999725341797,86.73999786376953,85.58000183105469,586800.0,84.9935073852539,PCAR
2020-12-29,86.4000015258789,84.30000305175781,86.01000213623047,85.31999969482422,850900.0,84.73529052734375,PCAR
2020-12-30,86.08000183105469,85.16999816894531,85.58000183105469,85.87000274658203,561600.0,85.28152465820312,PCAR
2020-12-31,86.3499984741211,85.33000183105469,85.55000305175781,86.27999877929688,879800.0,85.68870544433594,PCAR
2021-01-04,87.37000274658203,84.2699966430664,86.61000061035156,84.72000122070312,1684200.0,84.13939666748047,PCAR
2021-01-05,85.68000030517578,84.2300033569336,84.70999908447266,85.44999694824219,1151500.0,84.86438751220703,PCAR
2021-01-06,89.93000030517578,85.37000274658203,85.72000122070312,88.80999755859375,2035300.0,88.20136260986328,PCAR
2021-01-07,89.83000183105469,87.69999694824219,87.79000091552734,88.4000015258789,1718600.0,87.79418182373047,PCAR
2021-01-08,88.94999694824219,86.5999984741211,88.66999816894531,87.80000305175781,1267500.0,87.19829559326172,PCAR
2021-01-11,88.2699966430664,87.06999969482422,87.5199966430664,88.22000122070312,835200.0,87.61541748046875,PCAR
2021-01-12,89.66000366210938,87.66999816894531,88.44999694824219,89.45999908447266,963900.0,88.84690856933594,PCAR
2021-01-13,89.9000015258789,88.12999725341797,89.73999786376953,88.94999694824219,1157600.0,88.34040832519531,PCAR
2021-01-14,89.87999725341797,88.73999786376953,89.0,89.26000213623047,918100.0,88.64828491210938,PCAR
2021-01-15,88.7300033569336,86.37999725341797,88.7300033569336,88.16000366210938,1206800.0,87.55582427978516,PCAR
2021-01-19,89.58000183105469,87.98999786376953,88.16999816894531,89.20999908447266,1293800.0,88.59862518310547,PCAR
2021-01-20,92.94999694824219,89.19999694824219,91.88999938964844,89.38999938964844,2656400.0,88.77738952636719,PCAR
2021-01-21,103.19000244140625,91.87999725341797,92.91999816894531,98.73999786376953,8088100.0,98.06330871582031,PCAR
2021-01-22,100.75,97.31999969482422,98.05000305175781,98.8499984741211,3454500.0,98.17256164550781,PCAR
2021-01-25,101.79000091552734,97.66000366210938,101.0,97.94000244140625,3080500.0,97.26880645751953,PCAR
2021-01-26,98.1500015258789,94.08999633789062,95.87000274658203,97.80999755859375,3105000.0,97.13968658447266,PCAR
2021-01-27,98.52999877929688,95.08000183105469,96.6500015258789,96.4000015258789,3190400.0,95.7393569946289,PCAR
2021-01-28,98.9000015258789,93.47000122070312,97.44000244140625,93.55000305175781,2568000.0,92.90888214111328,PCAR
2021-01-29,93.73999786376953,89.69000244140625,92.83999633789062,91.22000122070312,3065500.0,90.59485626220703,PCAR
2021-02-01,92.18000030517578,90.55000305175781,91.80000305175781,91.18000030517578,1844000.0,90.55513000488281,PCAR
2021-02-02,92.31999969482422,90.05000305175781,92.25,91.88999938964844,2048400.0,91.26026153564453,PCAR
2021-02-03,96.11000061035156,92.23999786376953,92.9000015258789,95.66999816894531,3260700.0,95.01435089111328,PCAR
2021-02-04,97.98999786376953,95.80000305175781,97.13999938964844,97.0999984741211,2353400.0,96.43455505371094,PCAR
2021-02-05,98.37000274658203,96.13999938964844,97.5999984741211,96.58000183105469,1729200.0,95.91812133789062,PCAR
2021-02-08,97.38999938964844,95.83000183105469,97.38999938964844,96.7699966430664,1210700.0,96.42630004882812,PCAR
2021-02-09,99.69000244140625,96.04000091552734,97.11000061035156,99.41000366210938,2501200.0,99.05693054199219,PCAR
2021-02-10,101.4000015258789,98.62000274658203,100.30999755859375,99.5999984741211,1520000.0,99.24625396728516,PCAR
2021-02-11,100.2300033569336,96.58000183105469,99.9800033569336,98.5999984741211,1274400.0,98.24980163574219,PCAR
2021-02-12,99.06999969482422,96.51000213623047,98.44999694824219,98.0,1302300.0,97.65193939208984,PCAR
2021-02-16,98.87999725341797,96.26000213623047,98.68000030517578,97.12999725341797,1569400.0,96.78502655029297,PCAR
2021-02-17,96.63999938964844,94.52999877929688,96.16000366210938,96.05000305175781,1302000.0,95.7088623046875,PCAR
2021-02-18,95.58000183105469,93.41999816894531,95.36000061035156,94.8499984741211,1377900.0,94.51312255859375,PCAR
2021-02-19,96.19999694824219,94.5199966430664,94.9800033569336,95.19000244140625,1489200.0,94.85192108154297,PCAR
2021-02-22,95.56999969482422,93.69000244140625,95.0,94.68000030517578,1531600.0,94.3437271118164,PCAR
2021-02-23,94.54000091552734,91.3499984741211,94.0999984741211,93.33000183105469,2210600.0,92.99852752685547,PCAR
2021-02-24,94.41000366210938,91.55999755859375,91.58000183105469,94.27999877929688,2003900.0,93.94514465332031,PCAR
2021-02-25,94.79000091552734,92.1500015258789,94.0999984741211,92.72000122070312,1348500.0,92.39069366455078,PCAR
2021-02-26,93.19999694824219,90.83999633789062,92.83999633789062,90.98999786376953,2708900.0,90.66683197021484,PCAR
2021-03-01,94.80000305175781,91.55000305175781,91.83999633789062,93.72000122070312,2027600.0,93.38713836669922,PCAR
2021-03-02,94.69999694824219,92.81999969482422,94.06999969482422,94.18000030517578,2047000.0,93.84550476074219,PCAR
2021-03-03,96.47000122070312,93.30000305175781,93.66000366210938,95.23999786376953,2013000.0,94.90174102783203,PCAR
2021-03-04,96.05000305175781,91.37999725341797,94.9000015258789,92.4000015258789,2251600.0,92.07183074951172,PCAR
2021-03-05,94.36000061035156,90.1500015258789,93.36000061035156,94.1500015258789,1977200.0,93.81561279296875,PCAR
2021-03-08,94.80999755859375,92.41000366210938,93.25,93.44000244140625,1756100.0,93.1081314086914,PCAR
2021-03-09,96.94000244140625,93.80000305175781,94.4800033569336,95.2300033569336,2919100.0,94.89177703857422,PCAR
2021-03-10,97.5999984741211,95.81999969482422,96.2300033569336,96.58999633789062,1775600.0,96.24694061279297,PCAR
2021-03-11,98.26000213623047,96.52999877929688,97.25,97.75,1618400.0,97.40282440185547,PCAR
2021-03-12,97.80000305175781,96.08000183105469,97.69999694824219,96.94999694824219,1494000.0,96.60566711425781,PCAR
2021-03-15,99.4800033569336,96.69999694824219,96.91000366210938,99.44000244140625,1508300.0,99.08682250976562,PCAR
2021-03-16,99.41000366210938,95.41999816894531,99.0,95.69000244140625,1275500.0,95.35014343261719,PCAR
2021-03-17,96.80999755859375,94.72000122070312,95.30999755859375,96.16999816894531,1155200.0,95.82843780517578,PCAR
2021-03-18,97.23999786376953,94.7699966430664,95.58999633789062,95.12000274658203,1867300.0,94.78216552734375,PCAR
2021-03-19,95.91999816894531,93.63999938964844,95.52999877929688,95.05999755859375,3139100.0,94.72237396240234,PCAR
2021-03-22,95.72000122070312,93.44000244140625,94.54000091552734,93.58000183105469,1621200.0,93.24763488769531,PCAR
2021-03-23,93.12000274658203,90.77999877929688,91.98999786376953,91.16999816894531,1786500.0,90.84619140625,PCAR
2021-03-24,92.45999908447266,90.6500015258789,91.08999633789062,90.69000244140625,1435700.0,90.36790466308594,PCAR
2021-03-25,92.75,89.61000061035156,91.0199966430664,92.2699966430664,2122600.0,91.9422836303711,PCAR
2021-03-26,93.77999877929688,91.97000122070312,92.25,93.68000030517578,1534300.0,93.34728240966797,PCAR
2021-03-29,94.33999633789062,92.30000305175781,93.69999694824219,93.19000244140625,1668400.0,92.85902404785156,PCAR
2021-03-30,93.68000030517578,92.58000183105469,92.8499984741211,93.31999969482422,1210600.0,92.98855590820312,PCAR
2021-03-31,94.3499984741211,92.4800033569336,94.05000305175781,92.91999816894531,2380200.0,92.58998107910156,PCAR
2021-04-01,93.5999984741211,91.3499984741211,92.83000183105469,92.02999877929688,1622200.0,91.70314025878906,PCAR
2021-04-05,94.20999908447266,92.62000274658203,92.94999694824219,93.95999908447266,1709700.0,93.62628173828125,PCAR
2021-04-06,93.94000244140625,92.04000091552734,92.33999633789062,92.8499984741211,1745300.0,92.52022552490234,PCAR
2021-04-07,93.22000122070312,92.37000274658203,92.63999938964844,92.47000122070312,1074100.0,92.1415786743164,PCAR
2021-04-08,92.94999694824219,91.63999938964844,92.58999633789062,92.83999633789062,1012000.0,92.51026153564453,PCAR
2021-04-09,93.56999969482422,92.45999908447266,92.86000061035156,93.36000061035156,1221900.0,93.0284194946289,PCAR
2021-04-12,95.36000061035156,93.08000183105469,93.08000183105469,95.29000091552734,1303800.0,94.9515609741211,PCAR
2021-04-13,95.30000305175781,93.88999938964844,95.02999877929688,94.72000122070312,2178100.0,94.38359069824219,PCAR
2021-04-14,95.68000030517578,93.44999694824219,95.43000030517578,93.62000274658203,1383400.0,93.2874984741211,PCAR
2021-04-15,95.08999633789062,93.52999877929688,94.2699966430664,95.02999877929688,1470500.0,94.6924819946289,PCAR
2021-04-16,95.81999969482422,93.97000122070312,95.04000091552734,94.91999816894531,1249700.0,94.58287811279297,PCAR
2021-04-19,94.75,92.73999786376953,94.56999969482422,93.3499984741211,1561500.0,93.01844787597656,PCAR
2021-04-20,93.7300033569336,91.70999908447266,93.16000366210938,92.0999984741211,2275200.0,91.77288818359375,PCAR
2021-04-21,93.69000244140625,91.01000213623047,92.27999877929688,93.62999725341797,2175500.0,93.29745483398438,PCAR
2021-04-22,93.7300033569336,91.83000183105469,93.52999877929688,92.20999908447266,1815600.0,91.88249969482422,PCAR
2021-04-23,93.8499984741211,92.36000061035156,93.8499984741211,93.3499984741211,1727400.0,93.01844787597656,PCAR
2021-04-26,93.83000183105469,92.83000183105469,93.45999908447266,93.33999633789062,1753600.0,93.00848388671875,PCAR
2021-04-27,93.41000366210938,90.30000305175781,92.68000030517578,91.27999877929688,3058900.0,90.95580291748047,PCAR
2021-04-28,92.72000122070312,90.05000305175781,92.55000305175781,90.68000030517578,3261900.0,90.3579330444336,PCAR
2021-04-29,91.94000244140625,90.43000030517578,91.1500015258789,91.9000015258789,2515200.0,91.57360076904297,PCAR
2021-04-30,91.47000122070312,89.7300033569336,91.06999969482422,89.87999725341797,2735400.0,89.56077575683594,PCAR
2021-05-03,91.1500015258789,90.43000030517578,90.80000305175781,90.79000091552734,1337600.0,90.46754455566406,PCAR
2021-05-04,90.91999816894531,89.05999755859375,90.58000183105469,90.05999755859375,2417900.0,89.7401351928711,PCAR
2021-05-05,91.58999633789062,89.13999938964844,90.0999984741211,91.2300033569336,3232900.0,90.9059829711914,PCAR
2021-05-06,93.80999755859375,91.55999755859375,91.7699966430664,93.7300033569336,1950000.0,93.39710235595703,PCAR
2021-05-07,94.66000366210938,92.61000061035156,93.44999694824219,94.5,1985100.0,94.16436767578125,PCAR
2021-05-10,96.70999908447266,94.56999969482422,94.98999786376953,95.7300033569336,2356000.0,95.38999938964844,PCAR
2021-05-11,95.69000244140625,94.18000030517578,95.06999969482422,94.76000213623047,2020700.0,94.76000213623047,PCAR
2021-05-12,94.87999725341797,91.68000030517578,94.12999725341797,91.8499984741211,1457200.0,91.8499984741211,PCAR
2021-05-13,95.08999633789062,91.13999938964844,91.5,94.2300033569336,2446800.0,94.2300033569336,PCAR
2021-05-14,94.86000061035156,93.66999816894531,94.83999633789062,94.66000366210938,1158900.0,94.66000366210938,PCAR
2021-05-17,95.0,93.45999908447266,94.6500015258789,93.80000305175781,1021400.0,93.80000305175781,PCAR
2021-05-18,93.98999786376953,90.94999694824219,93.98999786376953,91.04000091552734,1578200.0,91.04000091552734,PCAR
2021-05-19,91.30999755859375,88.68000030517578,89.94999694824219,91.2699966430664,1969000.0,91.2699966430664,PCAR
2021-05-20,91.33999633789062,90.51000213623047,91.2699966430664,90.80999755859375,1293300.0,90.80999755859375,PCAR
2021-05-21,92.29000091552734,91.05999755859375,91.3499984741211,92.02999877929688,2430900.0,92.02999877929688,PCAR
2021-05-24,92.7300033569336,91.79000091552734,92.7300033569336,91.83999633789062,900600.0,91.83999633789062,PCAR
2021-05-25,92.4800033569336,90.37999725341797,91.8499984741211,90.55000305175781,813900.0,90.55000305175781,PCAR
2021-05-26,90.9000015258789,90.12999725341797,90.54000091552734,90.79000091552734,1161800.0,90.79000091552734,PCAR
2021-05-27,91.9800033569336,90.77999877929688,91.70999908447266,91.37000274658203,1752900.0,91.37000274658203,PCAR
2021-05-28,91.7300033569336,90.80999755859375,91.69999694824219,91.55999755859375,1172700.0,91.55999755859375,PCAR
2021-06-01,93.06999969482422,92.08000183105469,92.33000183105469,92.45999908447266,1096300.0,92.45999908447266,PCAR
2021-06-02,93.05000305175781,91.94000244140625,93.05000305175781,92.29000091552734,1282900.0,92.29000091552734,PCAR
2021-06-03,93.80000305175781,91.58000183105469,91.58999633789062,93.0199966430664,1598600.0,93.0199966430664,PCAR
2021-06-04,95.36000061035156,93.05000305175781,93.23999786376953,94.93000030517578,1728200.0,94.93000030517578,PCAR
2021-06-07,95.29000091552734,92.94999694824219,95.25,93.37000274658203,1302400.0,93.37000274658203,PCAR
2021-06-08,93.75,92.70999908447266,93.55999755859375,93.4800033569336,1178900.0,93.4800033569336,PCAR
2021-06-09,93.88999938964844,92.58000183105469,93.88999938964844,92.58999633789062,823100.0,92.58999633789062,PCAR
2021-06-10,93.38999938964844,91.58999633789062,93.26000213623047,91.70999908447266,1322900.0,91.70999908447266,PCAR
2021-06-11,92.54000091552734,91.5,92.2300033569336,92.37000274658203,1292300.0,92.37000274658203,PCAR
2021-06-14,92.27999877929688,90.54000091552734,92.16000366210938,91.06999969482422,1603800.0,91.06999969482422,PCAR
2021-06-15,92.36000061035156,91.02999877929688,92.01000213623047,92.33000183105469,1284900.0,92.33000183105469,PCAR
2021-06-16,92.2300033569336,90.95999908447266,92.16000366210938,91.36000061035156,1371800.0,91.36000061035156,PCAR
2021-06-17,91.66999816894531,88.70999908447266,91.1500015258789,89.58000183105469,1859700.0,89.58000183105469,PCAR
2021-06-18,88.88999938964844,86.95999908447266,88.4800033569336,87.04000091552734,3158900.0,87.04000091552734,PCAR
2021-06-21,88.58000183105469,87.36000061035156,87.58999633789062,87.4000015258789,1931700.0,87.4000015258789,PCAR
2021-06-22,87.77999877929688,86.52999877929688,87.33999633789062,87.37000274658203,3334000.0,87.37000274658203,PCAR
2021-06-23,88.56999969482422,86.80999755859375,88.56999969482422,87.73999786376953,2556000.0,87.73999786376953,PCAR
2021-06-24,89.2300033569336,88.2699966430664,88.61000061035156,88.4800033569336,1723500.0,88.4800033569336,PCAR
2021-06-25,89.56999969482422,88.4000015258789,88.79000091552734,88.9800033569336,2521800.0,88.9800033569336,PCAR
2021-06-28,89.37000274658203,88.29000091552734,89.25,88.63999938964844,1460500.0,88.63999938964844,PCAR
2021-06-29,89.3499984741211,87.63999938964844,89.05999755859375,88.16999816894531,1200300.0,88.16999816894531,PCAR
2021-06-30,89.44000244140625,88.13999938964844,88.62999725341797,89.25,1507500.0,89.25,PCAR
2021-07-01,90.08999633789062,88.66000366210938,89.5999984741211,88.79000091552734,1223800.0,88.79000091552734,PCAR
2021-07-02,89.05000305175781,88.04000091552734,89.02999877929688,88.30000305175781,1498200.0,88.30000305175781,PCAR
2021-07-06,88.12000274658203,85.01000213623047,88.0,86.75,1940700.0,86.75,PCAR
2021-07-07,87.20999908447266,85.95999908447266,86.79000091552734,86.86000061035156,1591200.0,86.86000061035156,PCAR
2021-07-08,86.76000213623047,85.4000015258789,86.08999633789062,85.66000366210938,1547500.0,85.66000366210938,PCAR
2021-07-09,87.88999938964844,86.0199966430664,86.0199966430664,87.5,1315100.0,87.5,PCAR
2021-07-12,88.69999694824219,86.30999755859375,87.16000366210938,88.30999755859375,1450700.0,88.30999755859375,PCAR
2021-07-13,89.7300033569336,87.30999755859375,89.7300033569336,87.5999984741211,1233600.0,87.5999984741211,PCAR
2021-07-14,87.94000244140625,87.08000183105469,87.5999984741211,87.75,1228500.0,87.75,PCAR
2021-07-15,89.11000061035156,87.63999938964844,88.01000213623047,88.33999633789062,1835100.0,88.33999633789062,PCAR
2021-07-16,89.08999633789062,87.48999786376953,88.16999816894531,87.61000061035156,1865900.0,87.61000061035156,PCAR
2021-07-19,87.4000015258789,86.2300033569336,86.68000030517578,86.70999908447266,2599000.0,86.70999908447266,PCAR
2021-07-20,88.87000274658203,86.54000091552734,86.86000061035156,88.08999633789062,1732800.0,88.08999633789062,PCAR
2021-07-21,89.33000183105469,87.97000122070312,88.13999938964844,88.1500015258789,1289500.0,88.1500015258789,PCAR
2021-07-22,88.01000213623047,86.87000274658203,88.01000213623047,87.13999938964844,1485700.0,87.13999938964844,PCAR
2021-07-23,87.87000274658203,87.06999969482422,87.4000015258789,87.58000183105469,1280600.0,87.58000183105469,PCAR
2021-07-26,88.0999984741211,86.62000274658203,87.47000122070312,86.91000366210938,1352500.0,86.91000366210938,PCAR
2021-07-27,87.30000305175781,83.7699966430664,86.0,84.61000061035156,3430400.0,84.61000061035156,PCAR
2021-07-28,84.19000244140625,82.72000122070312,84.12000274658203,82.75,2566600.0,82.75,PCAR
2021-07-29,84.30000305175781,82.9000015258789,83.54000091552734,83.29000091552734,5007100.0,83.29000091552734,PCAR
2021-07-30,83.79000091552734,82.80000305175781,82.8499984741211,82.98999786376953,3777500.0,82.98999786376953,PCAR
2021-08-02,84.33999633789062,81.9800033569336,83.94000244140625,82.0999984741211,2697300.0,82.0999984741211,PCAR
2021-08-03,83.23999786376953,81.01000213623047,82.30000305175781,81.8499984741211,3208500.0,81.8499984741211,PCAR
2021-08-04,82.19000244140625,80.94000244140625,81.5999984741211,81.0999984741211,3607600.0,81.0999984741211,PCAR
2021-08-05,81.63999938964844,80.0,81.54000091552734,80.08999633789062,3246300.0,80.08999633789062,PCAR
2021-08-06,80.98999786376953,79.97000122070312,80.69999694824219,80.04000091552734,3876600.0,80.04000091552734,PCAR
2021-08-09,80.91000366210938,79.52999877929688,79.91999816894531,79.9000015258789,3610200.0,79.9000015258789,PCAR
2021-08-10,80.75,79.23999786376953,79.95999908447266,79.75,3428500.0,79.75,PCAR
2021-08-11,82.80000305175781,79.98999786376953,80.36000061035156,82.77999877929688,2429700.0,82.77999877929688,PCAR
2021-08-12,83.19999694824219,81.81999969482422,82.79000091552734,82.0199966430664,2303000.0,82.0199966430664,PCAR
2021-08-13,82.31999969482422,81.0,82.18000030517578,81.13999938964844,1091600.0,81.13999938964844,PCAR
2021-08-16,81.55999755859375,80.19000244140625,80.91000366210938,81.16000366210938,1162700.0,81.16000366210938,PCAR
2021-08-17,80.5,79.05000305175781,80.37000274658203,80.13999938964844,1867500.0,80.13999938964844,PCAR
2021-08-18,80.2300033569336,79.62000274658203,79.7300033569336,79.9000015258789,1978900.0,79.9000015258789,PCAR
2021-08-19,80.66999816894531,79.25,79.44999694824219,80.37000274658203,4484200.0,80.37000274658203,PCAR
2021-08-20,80.68000030517578,79.62000274658203,80.38999938964844,80.2699966430664,1759500.0,80.2699966430664,PCAR
2021-08-23,80.91000366210938,79.87999725341797,80.47000122070312,80.4000015258789,1487900.0,80.4000015258789,PCAR
2021-08-24,81.83999633789062,80.63999938964844,80.76000213623047,81.75,1882800.0,81.75,PCAR
2021-08-25,82.25,81.27999877929688,81.36000061035156,81.97000122070312,1658600.0,81.97000122070312,PCAR
2021-08-26,81.83999633789062,81.20999908447266,81.80000305175781,81.47000122070312,1847300.0,81.47000122070312,PCAR
2021-08-27,82.41999816894531,81.4000015258789,81.58999633789062,82.25,1843400.0,82.25,PCAR
2021-08-30,82.4800033569336,81.72000122070312,82.44000244140625,82.05000305175781,1237600.0,82.05000305175781,PCAR
2021-08-31,82.12999725341797,81.4800033569336,82.0,81.87000274658203,1910600.0,81.87000274658203,PCAR
2021-09-01,82.7300033569336,81.73999786376953,82.38999938964844,82.66000366210938,1620500.0,82.66000366210938,PCAR
2021-09-02,84.19999694824219,82.68000030517578,82.80000305175781,83.91000366210938,2437100.0,83.91000366210938,PCAR
2021-09-03,85.22000122070312,83.51000213623047,83.70999908447266,84.43000030517578,2053400.0,84.43000030517578,PCAR
2021-09-07,84.52999877929688,82.1500015258789,83.81999969482422,82.5199966430664,2514600.0,82.5199966430664,PCAR
2021-09-08,82.41999816894531,81.19999694824219,82.13999938964844,82.30000305175781,2058000.0,82.30000305175781,PCAR
2021-09-09,83.47000122070312,82.31999969482422,82.77999877929688,83.20999908447266,3577900.0,83.20999908447266,PCAR
2021-09-10,84.1500015258789,82.9800033569336,83.29000091552734,83.61000061035156,2495500.0,83.61000061035156,PCAR
2021-09-13,85.0,83.12999725341797,84.6500015258789,84.37999725341797,3453200.0,84.37999725341797,PCAR
2021-09-14,84.8499984741211,83.41999816894531,84.72000122070312,83.93000030517578,2752800.0,83.93000030517578,PCAR
2021-09-15,85.33000183105469,83.79000091552734,84.0999984741211,84.58000183105469,4153400.0,84.58000183105469,PCAR
2021-09-16,84.7699966430664,82.3499984741211,84.69999694824219,82.44000244140625,3465000.0,82.44000244140625,PCAR
2021-09-17,83.68000030517578,80.94999694824219,83.68000030517578,81.55000305175781,4615300.0,81.55000305175781,PCAR
2021-09-20,80.56999969482422,79.41999816894531,80.48999786376953,79.87000274658203,5872300.0,79.87000274658203,PCAR
2021-09-21,80.20999908447266,78.72000122070312,79.87999725341797,78.97000122070312,3049100.0,78.97000122070312,PCAR
2021-09-22,80.62000274658203,79.31999969482422,79.91000366210938,79.41999816894531,3153600.0,79.41999816894531,PCAR
2021-09-23,81.52999877929688,79.5,79.62000274658203,80.83999633789062,2068400.0,80.83999633789062,PCAR
2021-09-24,81.12000274658203,80.26000213623047,80.5,80.52999877929688,1145900.0,80.52999877929688,PCAR
2021-09-27,82.18000030517578,80.69000244140625,80.7300033569336,81.55999755859375,1566500.0,81.55999755859375,PCAR
2021-09-28,82.12999725341797,80.62000274658203,81.62999725341797,80.81999969482422,1669900.0,80.81999969482422,PCAR
2021-09-29,81.63999938964844,80.18000030517578,80.7300033569336,81.05999755859375,1177700.0,81.05999755859375,PCAR
2021-09-30,81.44000244140625,78.91000366210938,81.29000091552734,78.91999816894531,1842200.0,78.91999816894531,PCAR
2021-10-01,80.19999694824219,78.4800033569336,79.16999816894531,79.44999694824219,1583500.0,79.44999694824219,PCAR
2021-10-04,80.06999969482422,78.45999908447266,79.5199966430664,78.7699966430664,1614100.0,78.7699966430664,PCAR
2021-10-05,82.30999755859375,77.95999908447266,78.80000305175781,81.80999755859375,3766800.0,81.80999755859375,PCAR
2021-10-06,81.88999938964844,80.23999786376953,80.9000015258789,81.83999633789062,1269100.0,81.83999633789062,PCAR
2021-10-07,83.44999694824219,82.5,82.70999908447266,83.01000213623047,2153300.0,83.01000213623047,PCAR
2021-10-08,85.18000030517578,83.0999984741211,83.48999786376953,84.76000213623047,2157100.0,84.76000213623047,PCAR
2021-10-11,84.94000244140625,83.63999938964844,84.79000091552734,83.80000305175781,1554900.0,83.80000305175781,PCAR
2021-10-12,84.55999755859375,83.3499984741211,83.77999877929688,83.58000183105469,1834300.0,83.58000183105469,PCAR
2021-10-13,84.48999786376953,82.70999908447266,83.93000030517578,84.13999938964844,1755800.0,84.13999938964844,PCAR
2021-10-14,86.81999969482422,84.44999694824219,84.58999633789062,86.52999877929688,1987900.0,86.52999877929688,PCAR
2021-10-15,87.45999908447266,86.41999816894531,86.98999786376953,86.88999938964844,1746400.0,86.88999938964844,PCAR
2021-10-18,86.80000305175781,85.44999694824219,85.8499984741211,85.77999877929688,1965700.0,85.77999877929688,PCAR
2021-10-19,86.52999877929688,85.55000305175781,86.44999694824219,86.5,1247800.0,86.5,PCAR
2021-10-20,87.04000091552734,85.75,86.0,86.93000030517578,1560400.0,86.93000030517578,PCAR
2021-10-21,86.83000183105469,85.76000213623047,86.47000122070312,86.73999786376953,1590600.0,86.73999786376953,PCAR
2021-10-22,87.72000122070312,86.75,87.0,87.0,897800.0,87.0,PCAR
2021-10-25,87.37999725341797,86.47000122070312,87.37999725341797,87.2300033569336,1960700.0,87.2300033569336,PCAR
2021-10-26,88.5999984741211,84.5999984741211,84.80999755859375,86.87999725341797,3746900.0,86.87999725341797,PCAR
2021-10-27,86.8499984741211,83.83000183105469,86.8499984741211,85.7699966430664,2389700.0,85.7699966430664,PCAR
2021-10-28,89.61000061035156,86.58000183105469,88.31999969482422,89.4000015258789,2092100.0,89.4000015258789,PCAR
2021-10-29,90.38999938964844,89.12999725341797,89.19000244140625,89.62000274658203,1709700.0,89.62000274658203,PCAR
2021-11-01,91.95999908447266,89.69999694824219,89.72000122070312,91.08999633789062,1530100.0,91.08999633789062,PCAR
2021-11-02,91.87999725341797,90.2300033569336,90.86000061035156,91.66000366210938,1802100.0,91.66000366210938,PCAR
2021-11-03,91.38999938964844,90.16000366210938,91.20999908447266,90.51000213623047,1250500.0,90.51000213623047,PCAR
2021-11-04,90.95999908447266,89.19999694824219,90.41999816894531,89.58000183105469,1640300.0,89.58000183105469,PCAR
2021-11-05,90.97000122070312,89.80000305175781,90.30000305175781,90.0,1573500.0,90.0,PCAR
2021-11-08,91.55000305175781,88.01000213623047,91.23999786376953,88.93000030517578,1803800.0,88.93000030517578,PCAR
2021-11-09,89.54000091552734,87.98999786376953,88.80000305175781,88.0199966430664,1803300.0,88.0199966430664,PCAR
2021-11-10,89.66000366210938,87.5199966430664,87.68000030517578,89.45999908447266,2371800.0,89.45999908447266,PCAR
2021-11-11,90.43000030517578,89.01000213623047,89.31999969482422,89.94000244140625,967600.0,89.94000244140625,PCAR
2021-11-12,90.37999725341797,89.25,90.12999725341797,89.83999633789062,911100.0,89.83999633789062,PCAR
2021-11-15,89.98999786376953,88.9800033569336,89.6500015258789,89.25,1075000.0,89.25,PCAR
2021-11-16,90.37000274658203,89.2699966430664,89.43000030517578,89.44000244140625,1614900.0,89.44000244140625,PCAR
2021-11-17,89.33000183105469,88.18000030517578,89.06999969482422,88.98999786376953,1045200.0,88.98999786376953,PCAR
2021-11-18,88.83000183105469,86.80000305175781,88.81999969482422,86.9800033569336,1425900.0,86.9800033569336,PCAR
2021-11-19,86.94000244140625,85.44000244140625,86.86000061035156,86.37000274658203,1578200.0,86.37000274658203,PCAR
2021-11-22,90.13999938964844,85.9000015258789,86.31999969482422,88.80999755859375,3428000.0,88.80999755859375,PCAR
2021-11-23,90.13999938964844,88.37000274658203,88.5199966430664,89.94000244140625,1650000.0,89.94000244140625,PCAR
2021-11-24,90.12999725341797,88.36000061035156,89.87999725341797,88.72000122070312,1126900.0,88.72000122070312,PCAR
2021-11-26,87.20999908447266,85.91000366210938,86.91999816894531,86.54000091552734,1020600.0,86.54000091552734,PCAR
2021-11-29,87.0199966430664,85.44999694824219,86.9800033569336,86.12000274658203,1515700.0,86.12000274658203,PCAR
2021-11-30,86.0,82.83999633789062,85.5999984741211,83.41999816894531,2524400.0,83.41999816894531,PCAR
2021-12-01,85.52999877929688,82.3499984741211,84.91999816894531,82.44999694824219,2076000.0,82.44999694824219,PCAR
2021-12-02,84.38999938964844,82.98999786376953,83.2300033569336,83.95999908447266,1945900.0,83.95999908447266,PCAR
2021-12-03,86.38999938964844,84.9000015258789,84.97000122070312,85.66999816894531,2280500.0,85.66999816894531,PCAR
2021-12-06,88.31999969482422,86.08000183105469,86.30000305175781,87.61000061035156,1876000.0,87.61000061035156,PCAR
2021-12-07,88.7300033569336,87.33000183105469,88.05999755859375,87.61000061035156,1850700.0,87.61000061035156,PCAR
2021-12-08,89.16000366210938,87.62999725341797,87.62999725341797,88.91000366210938,1714000.0,88.91000366210938,PCAR
2021-12-09,89.36000061035156,88.08000183105469,88.08000183105469,88.61000061035156,1240600.0,88.61000061035156,PCAR
2021-12-10,90.12999725341797,88.8499984741211,89.5,89.13999938964844,1559400.0,89.13999938964844,PCAR
2021-12-13,89.2699966430664,87.62000274658203,89.04000091552734,88.3499984741211,1949200.0,88.3499984741211,PCAR
2021-12-14,90.12000274658203,87.94999694824219,88.30000305175781,88.16999816894531,1482100.0,88.16999816894531,PCAR
2021-12-15,88.88999938964844,86.80000305175781,88.19000244140625,88.08999633789062,2358900.0,88.08999633789062,PCAR
2021-12-16,87.7699966430664,85.63999938964844,87.48999786376953,85.91000366210938,2624100.0,85.91000366210938,PCAR
2021-12-17,85.44000244140625,82.55999755859375,85.25,83.5,5195900.0,83.5,PCAR
2021-12-20,83.44999694824219,81.05000305175781,82.26000213623047,82.12000274658203,2621600.0,82.12000274658203,PCAR
2021-12-21,84.08999633789062,82.55999755859375,82.93000030517578,83.37999725341797,2096300.0,83.37999725341797,PCAR
2021-12-22,84.91000366210938,83.69000244140625,84.23999786376953,84.26000213623047,1389700.0,84.26000213623047,PCAR
2021-12-23,85.69999694824219,84.27999877929688,84.43000030517578,84.94999694824219,1267500.0,84.94999694824219,PCAR
2021-12-27,85.88999938964844,84.63999938964844,85.33999633789062,85.80000305175781,798100.0,85.80000305175781,PCAR
2021-12-28,87.0,85.54000091552734,85.66999816894531,86.9000015258789,803000.0,86.9000015258789,PCAR
2021-12-29,87.81999969482422,86.5999984741211,86.93000030517578,87.62999725341797,781900.0,87.62999725341797,PCAR
2021-12-30,88.01000213623047,87.37999725341797,87.77999877929688,87.41999816894531,638500.0,87.41999816894531,PCAR
2021-12-31,88.6500015258789,87.16999816894531,87.2300033569336,88.26000213623047,887300.0,88.26000213623047,PCAR
2022-01-03,89.26000213623047,87.94000244140625,88.26000213623047,88.4800033569336,1412100.0,88.4800033569336,PCAR
2022-01-04,93.0,88.43000030517578,88.94000244140625,92.73999786376953,2444000.0,92.73999786376953,PCAR
2022-01-05,94.77999877929688,92.80000305175781,93.08000183105469,93.08000183105469,2489500.0,93.08000183105469,PCAR
2022-01-06,94.80000305175781,92.61000061035156,93.58000183105469,94.01000213623047,1855000.0,94.01000213623047,PCAR
2022-01-07,94.36000061035156,93.12999725341797,93.69999694824219,93.41999816894531,1671900.0,93.41999816894531,PCAR
2022-01-10,94.08999633789062,91.79000091552734,93.0199966430664,92.36000061035156,1860400.0,92.36000061035156,PCAR
2022-01-11,92.58000183105469,90.73999786376953,92.31999969482422,92.37999725341797,1461900.0,92.37999725341797,PCAR
2022-01-12,92.72000122070312,91.33000183105469,92.41999816894531,92.54000091552734,1151200.0,92.54000091552734,PCAR
2022-01-13,95.7699966430664,92.86000061035156,92.88999938964844,95.31999969482422,1935300.0,95.31999969482422,PCAR
2022-01-14,96.58999633789062,94.19000244140625,94.88999938964844,96.5,2157000.0,96.5,PCAR
2022-01-18,96.62999725341797,94.7300033569336,95.76000213623047,95.97000122070312,1809500.0,95.97000122070312,PCAR
2022-01-19,96.29000091552734,93.97000122070312,96.29000091552734,94.16000366210938,1440400.0,94.16000366210938,PCAR
2022-01-20,94.56999969482422,92.12000274658203,94.27999877929688,92.30000305175781,1381700.0,92.30000305175781,PCAR
2022-01-21,93.2300033569336,91.37000274658203,92.52999877929688,91.55999755859375,1822700.0,91.55999755859375,PCAR
2022-01-24,91.70999908447266,88.69999694824219,90.54000091552734,91.1500015258789,3580200.0,91.1500015258789,PCAR
2022-01-25,96.0,87.63999938964844,91.54000091552734,93.94999694824219,4805200.0,93.94999694824219,PCAR
2022-01-26,97.55999755859375,92.73999786376953,95.13999938964844,93.87999725341797,2766500.0,93.87999725341797,PCAR
2022-01-27,95.69000244140625,92.41000366210938,94.20999908447266,93.22000122070312,1856600.0,93.22000122070312,PCAR
2022-01-28,93.70999908447266,91.30000305175781,92.8499984741211,93.66000366210938,1850800.0,93.66000366210938,PCAR
2022-01-31,93.19999694824219,91.55999755859375,92.97000122070312,92.98999786376953,1930900.0,92.98999786376953,PCAR
2022-02-01,95.45999908447266,92.12999725341797,92.81999969482422,95.33000183105469,1962000.0,95.33000183105469,PCAR
2022-02-02,96.30000305175781,93.95999908447266,94.6500015258789,96.08999633789062,1985300.0,96.08999633789062,PCAR
2022-02-03,96.58999633789062,94.58000183105469,96.01000213623047,94.83999633789062,2010800.0,94.83999633789062,PCAR
2022-02-04,95.2699966430664,92.81999969482422,94.37000274658203,94.52999877929688,1349800.0,94.52999877929688,PCAR
2022-02-07,94.94000244140625,93.51000213623047,94.52999877929688,94.30000305175781,1243300.0,94.30000305175781,PCAR
2022-02-08,95.19000244140625,93.0,95.0,93.66000366210938,1787500.0,93.66000366210938,PCAR
2022-02-09,94.98999786376953,93.81999969482422,94.58000183105469,94.68000030517578,1381200.0,94.68000030517578,PCAR
2022-02-10,95.0,92.4800033569336,93.88999938964844,92.98999786376953,1485800.0,92.98999786376953,PCAR
2022-02-11,94.69000244140625,92.30999755859375,93.08000183105469,92.80999755859375,1326800.0,92.80999755859375,PCAR
2022-02-14,93.58000183105469,91.97000122070312,93.0,92.9800033569336,1211300.0,92.9800033569336,PCAR
2022-02-15,95.27999877929688,93.37999725341797,93.77999877929688,94.31999969482422,1640200.0,94.31999969482422,PCAR
2022-02-16,95.3499984741211,93.22000122070312,94.19000244140625,94.9800033569336,1423400.0,94.9800033569336,PCAR
2022-02-17,95.38999938964844,93.41999816894531,94.51000213623047,93.63999938964844,1611500.0,93.63999938964844,PCAR
2022-02-18,94.83999633789062,93.16999816894531,93.4000015258789,93.80999755859375,1502000.0,93.80999755859375,PCAR
2022-02-22,94.83000183105469,92.98999786376953,93.93000030517578,93.61000061035156,1493800.0,93.61000061035156,PCAR
2022-02-23,94.0199966430664,91.18000030517578,93.86000061035156,91.27999877929688,1577300.0,91.27999877929688,PCAR
2022-02-24,92.25,89.43000030517578,90.7699966430664,91.94999694824219,2270300.0,91.94999694824219,PCAR
2022-02-25,93.1500015258789,91.12000274658203,92.44999694824219,91.70999908447266,2019600.0,91.70999908447266,PCAR
2022-02-28,92.12999725341797,90.19999694824219,90.45999908447266,91.80999755859375,1653800.0,91.80999755859375,PCAR
2022-03-01,91.91999816894531,88.4800033569336,91.48999786376953,89.29000091552734,1936600.0,89.29000091552734,PCAR
2022-03-02,92.16999816894531,89.52999877929688,89.81999969482422,91.63999938964844,2322100.0,91.63999938964844,PCAR
2022-03-03,92.69999694824219,90.6500015258789,91.94999694824219,91.66000366210938,1556500.0,91.66000366210938,PCAR
2022-03-04,90.94000244140625,87.04000091552734,90.94000244140625,87.94999694824219,2729600.0,87.94999694824219,PCAR
2022-03-07,87.93000030517578,82.97000122070312,87.79000091552734,83.19000244140625,2468000.0,83.19000244140625,PCAR
2022-03-08,86.43000030517578,83.27999877929688,83.80999755859375,83.51000213623047,2582500.0,83.51000213623047,PCAR
2022-03-09,88.29000091552734,84.81999969482422,85.12000274658203,87.31999969482422,2786400.0,87.31999969482422,PCAR
2022-03-10,86.55000305175781,84.7699966430664,85.7300033569336,86.1500015258789,1738700.0,86.1500015258789,PCAR
2022-03-11,87.6500015258789,85.37999725341797,86.69000244140625,85.55999755859375,1367500.0,85.55999755859375,PCAR
2022-03-14,87.8499984741211,86.26000213623047,86.55999755859375,87.16000366210938,2121300.0,87.16000366210938,PCAR
2022-03-15,88.37999725341797,86.62999725341797,87.77999877929688,87.66999816894531,1514400.0,87.66999816894531,PCAR
2022-03-16,90.98999786376953,88.0999984741211,88.33999633789062,90.30999755859375,1960400.0,90.30999755859375,PCAR
2022-03-17,91.37999725341797,88.55000305175781,88.95999908447266,90.2699966430664,1862800.0,90.2699966430664,PCAR
2022-03-18,89.68000030517578,87.30000305175781,89.51000213623047,88.66999816894531,3201200.0,88.66999816894531,PCAR
2022-03-21,89.62999725341797,87.5199966430664,88.76000213623047,88.72000122070312,1486300.0,88.72000122070312,PCAR
2022-03-22,90.13999938964844,88.68000030517578,89.26000213623047,89.16000366210938,1297000.0,89.16000366210938,PCAR
2022-03-23,89.06999969482422,87.72000122070312,88.70999908447266,87.93000030517578,1446000.0,87.93000030517578,PCAR
2022-03-24,90.0,87.47000122070312,88.0,88.94999694824219,1438900.0,88.94999694824219,PCAR
2022-03-25,89.54000091552734,88.20999908447266,88.88999938964844,88.97000122070312,756200.0,88.97000122070312,PCAR
2022-03-28,89.41999816894531,87.47000122070312,88.66000366210938,89.30000305175781,1176400.0,89.30000305175781,PCAR
2022-03-29,91.25,89.31999969482422,89.31999969482422,90.94999694824219,1508100.0,90.94999694824219,PCAR
2022-03-30,90.93000030517578,88.81999969482422,90.93000030517578,89.4000015258789,1255600.0,89.4000015258789,PCAR
2022-03-31,89.66000366210938,88.02999877929688,89.62999725341797,88.06999969482422,1997500.0,88.06999969482422,PCAR
2022-04-01,89.16000366210938,84.44999694824219,88.58999633789062,85.22000122070312,1980100.0,85.22000122070312,PCAR
2022-04-04,85.18000030517578,81.98999786376953,84.54000091552734,84.51000213623047,2329200.0,84.51000213623047,PCAR
2022-04-05,83.7300033569336,81.83000183105469,82.80999755859375,82.83999633789062,2729100.0,82.83999633789062,PCAR
2022-04-06,83.70999908447266,81.80000305175781,82.45999908447266,83.4800033569336,1990400.0,83.4800033569336,PCAR
2022-04-07,83.86000061035156,82.29000091552734,83.08000183105469,83.2699966430664,1732100.0,83.2699966430664,PCAR
2022-04-08,83.77999877929688,82.69000244140625,83.4000015258789,83.05000305175781,1657700.0,83.05000305175781,PCAR
2022-04-11,85.0199966430664,82.5,82.91999816894531,82.58000183105469,1577000.0,82.58000183105469,PCAR
2022-04-12,83.73999786376953,82.02999877929688,82.20999908447266,82.41000366210938,1790500.0,82.41000366210938,PCAR
2022-04-13,83.37000274658203,82.19999694824219,82.31999969482422,83.23999786376953,1397800.0,83.23999786376953,PCAR
2022-04-14,84.30000305175781,83.19999694824219,83.33999633789062,83.70999908447266,4479200.0,83.70999908447266,PCAR
2022-04-18,84.37999725341797,83.13999938964844,83.19999694824219,83.83999633789062,1359900.0,83.83999633789062,PCAR
2022-04-19,86.12999725341797,83.7300033569336,84.0,85.9000015258789,1238600.0,85.9000015258789,PCAR
2022-04-20,87.91000366210938,86.75,86.75,87.5999984741211,1324600.0,87.5999984741211,PCAR
2022-04-21,89.08999633789062,87.66999816894531,88.08000183105469,88.0999984741211,1410600.0,88.0999984741211,PCAR
2022-04-22,87.58999633789062,85.55000305175781,87.16000366210938,85.69000244140625,1639500.0,85.69000244140625,PCAR
2022-04-25,86.62999725341797,83.43000030517578,85.36000061035156,86.3499984741211,2752200.0,86.3499984741211,PCAR
2022-04-26,88.13999938964844,82.27999877929688,86.0,83.81999969482422,2955300.0,83.81999969482422,PCAR
2022-04-27,85.6500015258789,83.52999877929688,84.44999694824219,84.33999633789062,2000600.0,84.33999633789062,PCAR
2022-04-28,85.61000061035156,83.52999877929688,84.91000366210938,85.05999755859375,1997400.0,85.05999755859375,PCAR
2022-04-29,85.83999633789062,82.83999633789062,84.5,83.05000305175781,1874700.0,83.05000305175781,PCAR
2022-05-02,84.80000305175781,82.48999786376953,83.47000122070312,84.01000213623047,1771600.0,84.01000213623047,PCAR
2022-05-03,86.27999877929688,84.23999786376953,84.37000274658203,85.08000183105469,1541100.0,85.08000183105469,PCAR
2022-05-04,88.25,84.7699966430664,85.30000305175781,88.01000213623047,1800800.0,88.01000213623047,PCAR
2022-05-05,87.25,84.23999786376953,87.0,85.19999694824219,1854700.0,85.19999694824219,PCAR
2022-05-06,85.27999877929688,82.87999725341797,85.01000213623047,84.5,1405400.0,84.5,PCAR
2022-05-09,85.94999694824219,83.52999877929688,83.80000305175781,85.3499984741211,2228400.0,85.3499984741211,PCAR
2022-05-10,86.68000030517578,83.2699966430664,86.66999816894531,83.75,1691000.0,83.75,PCAR
2022-05-11,84.5999984741211,82.33000183105469,83.3499984741211,82.61000061035156,1712900.0,82.61000061035156,PCAR
2022-05-12,83.72000122070312,81.97000122070312,82.43000030517578,83.48999786376953,1168000.0,83.48999786376953,PCAR
2022-05-13,84.77999877929688,83.26000213623047,83.80000305175781,83.75,1457200.0,83.75,PCAR
2022-05-16,84.04000091552734,81.93000030517578,84.04000091552734,83.27999877929688,1558800.0,83.27999877929688,PCAR
2022-05-17,85.30999755859375,83.80000305175781,84.51000213623047,85.0999984741211,1572200.0,85.0999984741211,PCAR
2022-05-18,84.9000015258789,81.01000213623047,84.7300033569336,81.16999816894531,2467700.0,81.16999816894531,PCAR
2022-05-19,82.47000122070312,79.68000030517578,80.44000244140625,81.41999816894531,1590600.0,81.41999816894531,PCAR
2022-05-20,81.83999633789062,78.18000030517578,81.43000030517578,79.80999755859375,1663300.0,79.80999755859375,PCAR
2022-05-23,82.80000305175781,80.86000061035156,80.94999694824219,81.86000061035156,1884400.0,81.86000061035156,PCAR
2022-05-24,82.38999938964844,80.55999755859375,81.58000183105469,82.23999786376953,1631400.0,82.23999786376953,PCAR
2022-05-25,83.86000061035156,81.95999908447266,82.27999877929688,83.5199966430664,1738300.0,83.5199966430664,PCAR
2022-05-26,85.05000305175781,83.79000091552734,84.0,84.13999938964844,2069800.0,84.13999938964844,PCAR
2022-05-27,85.87000274658203,84.91999816894531,85.06999969482422,85.66999816894531,2347300.0,85.66999816894531,PCAR
2022-05-31,87.5999984741211,84.36000061035156,85.47000122070312,86.83999633789062,3783300.0,86.83999633789062,PCAR
2022-06-01,88.87999725341797,85.5,87.05999755859375,88.54000091552734,2661900.0,88.54000091552734,PCAR
2022-06-02,89.5999984741211,87.68000030517578,89.02999877929688,88.94999694824219,1690900.0,88.94999694824219,PCAR
2022-06-03,88.76000213623047,87.76000213623047,88.51000213623047,88.29000091552734,1903300.0,88.29000091552734,PCAR
2022-06-06,89.29000091552734,88.4800033569336,89.0,88.63999938964844,1674500.0,88.63999938964844,PCAR
2022-06-07,89.38999938964844,86.87000274658203,88.33999633789062,88.9800033569336,2783400.0,88.9800033569336,PCAR
2022-06-08,89.83999633789062,88.12999725341797,88.5999984741211,89.37999725341797,2977200.0,89.37999725341797,PCAR
2022-06-09,89.87999725341797,88.0,89.11000061035156,88.02999877929688,1491100.0,88.02999877929688,PCAR
2022-06-10,86.94999694824219,84.91999816894531,86.91999816894531,85.0999984741211,1739600.0,85.0999984741211,PCAR
2022-06-13,84.54000091552734,82.55000305175781,83.6500015258789,82.9800033569336,1917400.0,82.9800033569336,PCAR
2022-06-14,84.77999877929688,83.02999877929688,83.58000183105469,84.16000366210938,1700800.0,84.16000366210938,PCAR
2022-06-15,86.94999694824219,84.58000183105469,84.98999786376953,85.8499984741211,2539600.0,85.8499984741211,PCAR
2022-06-16,84.76000213623047,81.0,84.58999633789062,81.56999969482422,1793500.0,81.56999969482422,PCAR
2022-06-17,82.41999816894531,80.55999755859375,81.5199966430664,81.91999816894531,2863100.0,81.91999816894531,PCAR
2022-06-21,84.69999694824219,82.66999816894531,83.95999908447266,84.51000213623047,1359700.0,84.51000213623047,PCAR
2022-06-22,84.20999908447266,82.83000183105469,83.4800033569336,83.56999969482422,1425100.0,83.56999969482422,PCAR
2022-06-23,84.12000274658203,80.79000091552734,83.76000213623047,81.58000183105469,1969800.0,81.58000183105469,PCAR
2022-06-24,84.52999877929688,82.02999877929688,82.18000030517578,84.20999908447266,2220700.0,84.20999908447266,PCAR
2022-06-27,85.0199966430664,83.19999694824219,84.73999786376953,83.81999969482422,1468000.0,83.81999969482422,PCAR
2022-06-28,85.5,83.12999725341797,84.05000305175781,83.20999908447266,1259300.0,83.20999908447266,PCAR
2022-06-29,83.56999969482422,82.16999816894531,83.37999725341797,83.12999725341797,1245700.0,83.12999725341797,PCAR
2022-06-30,83.5,81.30000305175781,82.18000030517578,82.33999633789062,1894800.0,82.33999633789062,PCAR
2022-07-01,83.41000366210938,81.37999725341797,82.2300033569336,82.88999938964844,1129100.0,82.88999938964844,PCAR
2022-07-05,81.93000030517578,80.02999877929688,81.19999694824219,81.86000061035156,1671000.0,81.86000061035156,PCAR
2022-07-06,82.05999755859375,80.41000366210938,81.86000061035156,81.31999969482422,1234500.0,81.31999969482422,PCAR
2022-07-07,83.44999694824219,81.5,81.66999816894531,82.23999786376953,1572300.0,82.23999786376953,PCAR
2022-07-08,82.55999755859375,80.41000366210938,82.55999755859375,81.06999969482422,1515600.0,81.06999969482422,PCAR
2022-07-11,80.26000213623047,79.06999969482422,79.55999755859375,79.29000091552734,2230300.0,79.29000091552734,PCAR
2022-07-12,81.5,79.12000274658203,79.33000183105469,80.31999969482422,1669600.0,80.31999969482422,PCAR
2022-07-13,81.08999633789062,78.80000305175781,78.80000305175781,79.31999969482422,1912000.0,79.31999969482422,PCAR
2022-07-14,79.18000030517578,77.0,78.12999725341797,79.08000183105469,1911800.0,79.08000183105469,PCAR
2022-07-15,80.44999694824219,78.88999938964844,80.06999969482422,80.05000305175781,6313600.0,80.05000305175781,PCAR
2022-07-18,81.37999725341797,79.86000061035156,80.5999984741211,80.30999755859375,1453300.0,80.30999755859375,PCAR
2022-07-19,84.2300033569336,81.18000030517578,81.18000030517578,84.04000091552734,2464500.0,84.04000091552734,PCAR
2022-07-20,84.98999786376953,83.1500015258789,83.23999786376953,84.33999633789062,1480300.0,84.33999633789062,PCAR
2022-07-21,85.05000305175781,83.66999816894531,84.01000213623047,84.5,1096700.0,84.5,PCAR
2022-07-22,85.19999694824219,84.2300033569336,84.87999725341797,84.7300033569336,1225600.0,84.7300033569336,PCAR
2022-07-25,86.25,84.55999755859375,84.55999755859375,86.02999877929688,1732200.0,86.02999877929688,PCAR
2022-07-26,88.01000213623047,83.93000030517578,87.5,86.97000122070312,3440500.0,86.97000122070312,PCAR
2022-07-27,89.44999694824219,86.7699966430664,87.33999633789062,89.06999969482422,1911100.0,89.06999969482422,PCAR
2022-07-28,91.0199966430664,88.8499984741211,89.3499984741211,90.9800033569336,1624900.0,90.9800033569336,PCAR
2022-07-29,91.83000183105469,90.18000030517578,90.87000274658203,91.5199966430664,1763700.0,91.5199966430664,PCAR
2022-08-01,91.69999694824219,90.29000091552734,91.06999969482422,90.83000183105469,1533400.0,90.83000183105469,PCAR
2022-08-02,91.3499984741211,89.7300033569336,89.77999877929688,90.2300033569336,1427300.0,90.2300033569336,PCAR
2022-08-03,91.08999633789062,89.80999755859375,90.69000244140625,90.83999633789062,1516400.0,90.83999633789062,PCAR
2022-08-04,91.1500015258789,90.43000030517578,91.08999633789062,90.87999725341797,2179900.0,90.87999725341797,PCAR
2022-08-05,91.20999908447266,89.62000274658203,90.06999969482422,91.12999725341797,864900.0,91.12999725341797,PCAR
2022-08-08,92.54000091552734,91.23999786376953,91.86000061035156,91.58999633789062,1113100.0,91.58999633789062,PCAR
2022-08-09,91.94000244140625,90.98999786376953,91.58000183105469,91.37000274658203,901500.0,91.37000274658203,PCAR
2022-08-10,93.31999969482422,92.58999633789062,92.91999816894531,93.25,2281700.0,93.25,PCAR
2022-08-11,94.18000030517578,92.58999633789062,93.19999694824219,93.0,1949200.0,93.0,PCAR
2022-08-12,93.83999633789062,92.97000122070312,93.75,93.7300033569336,1508500.0,93.7300033569336,PCAR
2022-08-15,95.0999984741211,93.4000015258789,93.4000015258789,94.23999786376953,1363000.0,94.23999786376953,PCAR
2022-08-16,95.12999725341797,93.48999786376953,93.75,94.77999877929688,1026100.0,94.77999877929688,PCAR
2022-08-17,94.19000244140625,93.43000030517578,93.6500015258789,93.5199966430664,1242700.0,93.5199966430664,PCAR
2022-08-18,94.33999633789062,93.4000015258789,93.68000030517578,94.22000122070312,1185400.0,94.22000122070312,PCAR
2022-08-19,93.63999938964844,92.80000305175781,93.44999694824219,93.02999877929688,1266300.0,93.02999877929688,PCAR
2022-08-22,92.19000244140625,90.31999969482422,92.19000244140625,90.4800033569336,2564600.0,90.4800033569336,PCAR
2022-08-23,91.55000305175781,90.37999725341797,90.62000274658203,90.62999725341797,1719600.0,90.62999725341797,PCAR
2022-08-24,91.61000061035156,89.91999816894531,90.87999725341797,91.48999786376953,1766300.0,91.48999786376953,PCAR
2022-08-25,92.4800033569336,91.44000244140625,91.75,92.44999694824219,1673000.0,92.44999694824219,PCAR
2022-08-26,92.98999786376953,89.83000183105469,92.44999694824219,89.97000122070312,1765300.0,89.97000122070312,PCAR
2022-08-29,89.69000244140625,88.76000213623047,89.30000305175781,88.87999725341797,1392400.0,88.87999725341797,PCAR
2022-08-30,88.91000366210938,87.19999694824219,88.62999725341797,88.05000305175781,1194700.0,88.05000305175781,PCAR
2022-08-31,88.29000091552734,86.9800033569336,87.26000213623047,87.51000213623047,1565800.0,87.51000213623047,PCAR
2022-09-01,87.54000091552734,86.63999938964844,86.9800033569336,87.47000122070312,1052900.0,87.47000122070312,PCAR
2022-09-02,88.7699966430664,86.20999908447266,88.18000030517578,86.47000122070312,1050100.0,86.47000122070312,PCAR
2022-09-06,87.30000305175781,85.95999908447266,86.4800033569336,86.83000183105469,1307200.0,86.83000183105469,PCAR
2022-09-07,88.88999938964844,86.12999725341797,86.69999694824219,88.56999969482422,1694100.0,88.56999969482422,PCAR
2022-09-08,87.63999938964844,84.7300033569336,87.63999938964844,86.33000183105469,2660100.0,86.33000183105469,PCAR
2022-09-09,89.47000122070312,88.0199966430664,88.19999694824219,88.4800033569336,2288700.0,88.4800033569336,PCAR
2022-09-12,89.7300033569336,88.4800033569336,88.73999786376953,89.43000030517578,1377500.0,89.43000030517578,PCAR
2022-09-13,88.33000183105469,85.63999938964844,88.13999938964844,86.05999755859375,2064700.0,86.05999755859375,PCAR
2022-09-14,86.69999694824219,85.56999969482422,86.16000366210938,86.38999938964844,1670500.0,86.38999938964844,PCAR
2022-09-15,87.19999694824219,85.16999816894531,86.37999725341797,85.63999938964844,2117500.0,85.63999938964844,PCAR
2022-09-16,85.66999816894531,83.88999938964844,84.86000061035156,85.13999938964844,2980900.0,85.13999938964844,PCAR
2022-09-19,87.31999969482422,84.62999725341797,84.62999725341797,87.29000091552734,1499000.0,87.29000091552734,PCAR
2022-09-20,86.88999938964844,85.62999725341797,86.66000366210938,86.54000091552734,1380600.0,86.54000091552734,PCAR
2022-09-21,87.70999908447266,85.45999908447266,87.01000213623047,85.45999908447266,1313500.0,85.45999908447266,PCAR
2022-09-22,86.08000183105469,84.4800033569336,85.48999786376953,84.9000015258789,1233800.0,84.9000015258789,PCAR
2022-09-23,84.31999969482422,82.58000183105469,84.16000366210938,83.80999755859375,1778300.0,83.80999755859375,PCAR
2022-09-26,84.70999908447266,82.9800033569336,83.44000244140625,83.0,1892700.0,83.0,PCAR
2022-09-27,83.93000030517578,81.95999908447266,83.48999786376953,82.95999908447266,1610800.0,82.95999908447266,PCAR
2022-09-28,85.68000030517578,83.2300033569336,83.56999969482422,85.33000183105469,1815500.0,85.33000183105469,PCAR
2022-09-29,84.95999908447266,83.37000274658203,84.87000274658203,84.87000274658203,2109700.0,84.87000274658203,PCAR
2022-09-30,85.5199966430664,83.5999984741211,85.06999969482422,83.69000244140625,2107800.0,83.69000244140625,PCAR
2022-10-03,86.9800033569336,84.38999938964844,84.80999755859375,86.4800033569336,1752900.0,86.4800033569336,PCAR
2022-10-04,90.13999938964844,87.5199966430664,87.62000274658203,89.91000366210938,2612700.0,89.91000366210938,PCAR
2022-10-05,91.62000274658203,88.63999938964844,89.4800033569336,90.91000366210938,2309600.0,90.91000366210938,PCAR
2022-10-06,92.05999755859375,89.66999816894531,90.6500015258789,89.69999694824219,1833900.0,89.69999694824219,PCAR
2022-10-07,89.08999633789062,87.47000122070312,88.76000213623047,87.68000030517578,1878600.0,87.68000030517578,PCAR
2022-10-10,88.7699966430664,87.20999908447266,88.51000213623047,87.87999725341797,1142600.0,87.87999725341797,PCAR
2022-10-11,90.26000213623047,87.55000305175781,87.7699966430664,89.06999969482422,1653400.0,89.06999969482422,PCAR
2022-10-12,90.2699966430664,88.51000213623047,89.73999786376953,88.55000305175781,1344300.0,88.55000305175781,PCAR
2022-10-13,90.62999725341797,86.5,87.08000183105469,90.23999786376953,1711800.0,90.23999786376953,PCAR
2022-10-14,90.33999633789062,87.88999938964844,90.08000183105469,88.2699966430664,1586700.0,88.2699966430664,PCAR
2022-10-17,90.52999877929688,88.55000305175781,90.05999755859375,88.8499984741211,1962900.0,88.8499984741211,PCAR
2022-10-18,91.41000366210938,89.2699966430664,90.41999816894531,90.69999694824219,1644100.0,90.69999694824219,PCAR
2022-10-19,91.58999633789062,90.02999877929688,90.61000061035156,90.73999786376953,1538700.0,90.73999786376953,PCAR
2022-10-20,91.0,87.31999969482422,91.0,87.56999969482422,1833300.0,87.56999969482422,PCAR
2022-10-21,90.63999938964844,87.69999694824219,87.80000305175781,90.16999816894531,2092500.0,90.16999816894531,PCAR
2022-10-24,92.25,90.86000061035156,91.08999633789062,92.0199966430664,2215100.0,92.0199966430664,PCAR
2022-10-25,94.98999786376953,89.69999694824219,94.9000015258789,91.73999786376953,3208200.0,91.73999786376953,PCAR
2022-10-26,94.0,91.83000183105469,93.44000244140625,92.80000305175781,3958300.0,92.80000305175781,PCAR
2022-10-27,95.0,92.83000183105469,93.5999984741211,94.12999725341797,2346500.0,94.12999725341797,PCAR
2022-10-28,96.51000213623047,94.12000274658203,94.52999877929688,96.30000305175781,2093900.0,96.30000305175781,PCAR
2022-10-31,97.12000274658203,95.30000305175781,95.55000305175781,96.83000183105469,2189800.0,96.83000183105469,PCAR
2022-11-01,97.55000305175781,95.5999984741211,97.19000244140625,96.94999694824219,1592500.0,96.94999694824219,PCAR
2022-11-02,98.88999938964844,95.4800033569336,96.45999908447266,95.69999694824219,2014400.0,95.69999694824219,PCAR
2022-11-03,97.91000366210938,93.86000061035156,94.77999877929688,96.9800033569336,2612700.0,96.9800033569336,PCAR
2022-11-04,99.6500015258789,98.20999908447266,98.4800033569336,99.12000274658203,2404800.0,99.12000274658203,PCAR
2022-11-07,99.88999938964844,98.51000213623047,99.56999969482422,99.13999938964844,2225600.0,99.13999938964844,PCAR
2022-11-08,101.06999969482422,98.94999694824219,99.30999755859375,100.55000305175781,2442000.0,100.55000305175781,PCAR
2022-11-09,101.51000213623047,99.37999725341797,99.66999816894531,99.76000213623047,3038300.0,99.76000213623047,PCAR
2022-11-10,102.83000183105469,100.33000183105469,102.70999908447266,101.91000366210938,3045900.0,101.91000366210938,PCAR
2022-11-11,103.1500015258789,101.52999877929688,101.91000366210938,102.62000274658203,2377200.0,102.62000274658203,PCAR
2022-11-14,103.87999725341797,101.41999816894531,102.30999755859375,102.33999633789062,1683800.0,102.33999633789062,PCAR
2022-11-15,103.91000366210938,101.91000366210938,102.95999908447266,102.77999877929688,1804800.0,102.77999877929688,PCAR
